,sparse_ratio,Run,Extinguished,On Fire,Step
0,0.0,0,152,0.9844444444441844,133
1,0.0,1,158,0.9839393939391342,149
2,0.0,2,152,0.9844444444441844,124
3,0.0,3,151,0.9846464646462045,138
4,0.0,4,135,0.9861616161613552,136
5,0.0,5,152,0.9845454545451945,120
6,0.0,6,151,0.9846464646462045,128
7,0.0,7,133,0.9863636363633753,139
8,0.0,8,143,0.9852525252522648,137
9,0.0,9,154,0.9842424242421643,151
10,0.0,10,159,0.9838383838381242,128
11,0.0,11,134,0.9862626262623653,133
12,0.0,12,153,0.9844444444441844,126
13,0.0,13,155,0.9842424242421643,136
14,0.0,14,143,0.9853535353532749,131
15,0.0,15,152,0.9845454545451945,150
16,0.0,16,166,0.9831313131310538,153
17,0.0,17,157,0.9837373737371141,131
18,0.0,18,159,0.9838383838381242,128
19,0.0,19,162,0.983535353535094,157
20,0.0,20,153,0.9844444444441844,134
21,0.0,21,162,0.983535353535094,138
22,0.0,22,153,0.9844444444441844,127
23,0.0,23,151,0.9845454545451945,133
24,0.0,24,158,0.9839393939391342,132
25,0.0,25,156,0.9840404040401443,130
26,0.0,26,149,0.9848484848482246,125
27,0.0,27,142,0.9854545454542849,132
28,0.0,28,154,0.9843434343431744,126
29,0.0,29,135,0.9862626262623653,144
30,0.0,30,161,0.983434343434084,148
31,0.0,31,152,0.9845454545451945,128
32,0.0,32,150,0.9845454545451945,123
33,0.0,33,127,0.9870707070704456,129
34,0.0,34,140,0.985656565656305,134
35,0.0,35,164,0.9832323232320639,142
36,0.0,36,146,0.9851515151512548,130
37,0.0,37,165,0.9831313131310538,154
38,0.0,38,150,0.9846464646462045,125
39,0.0,39,138,0.9858585858583251,118
40,0.0,40,161,0.9836363636361041,133
41,0.0,41,136,0.9860606060603452,128
42,0.0,42,136,0.9861616161613552,120
43,0.0,43,138,0.9859595959593351,152
44,0.0,44,159,0.9838383838381242,143
45,0.0,45,163,0.9833333333330739,157
46,0.0,46,158,0.9839393939391342,134
47,0.0,47,162,0.983535353535094,145
48,0.0,48,161,0.9836363636361041,150
49,0.0,49,164,0.9833333333330739,138
50,0.041666666666666664,50,141,0.9849494949492347,128
51,0.041666666666666664,51,155,0.9841414141411543,132
52,0.041666666666666664,52,152,0.9845454545451945,122
53,0.041666666666666664,53,131,0.9866666666664055,120
54,0.041666666666666664,54,166,0.9828282828280237,135
55,0.041666666666666664,55,168,0.9828282828280237,166
56,0.041666666666666664,56,148,0.9848484848482246,136
57,0.041666666666666664,57,128,0.9868686868684255,126
58,0.041666666666666664,58,153,0.9842424242421643,143
59,0.041666666666666664,59,141,0.985555555555295,135
60,0.041666666666666664,60,145,0.9849494949492347,128
61,0.041666666666666664,61,151,0.9845454545451945,125
62,0.041666666666666664,62,164,0.9833333333330739,131
63,0.041666666666666664,63,156,0.9839393939391342,134
64,0.041666666666666664,64,151,0.9845454545451945,117
65,0.041666666666666664,65,162,0.983535353535094,153
66,0.041666666666666664,66,150,0.9845454545451945,134
67,0.041666666666666664,67,161,0.983535353535094,159
68,0.041666666666666664,68,165,0.9832323232320639,160
69,0.041666666666666664,69,137,0.9860606060603452,137
70,0.041666666666666664,70,136,0.9858585858583251,142
71,0.041666666666666664,71,168,0.9828282828280237,160
72,0.041666666666666664,72,159,0.9838383838381242,121
73,0.041666666666666664,73,165,0.9830303030300438,161
74,0.041666666666666664,74,162,0.983535353535094,151
75,0.041666666666666664,75,136,0.9860606060603452,132
76,0.041666666666666664,76,138,0.9859595959593351,128
77,0.041666666666666664,77,165,0.9828282828280237,162
78,0.041666666666666664,78,149,0.9848484848482246,117
79,0.041666666666666664,79,149,0.9844444444441844,123
80,0.041666666666666664,80,147,0.9850505050502447,131
81,0.041666666666666664,81,163,0.9832323232320639,151
82,0.041666666666666664,82,168,0.9829292929290337,122
83,0.041666666666666664,83,166,0.9831313131310538,133
84,0.041666666666666664,84,141,0.9854545454542849,137
85,0.041666666666666664,85,155,0.9841414141411543,131
86,0.041666666666666664,86,150,0.9844444444441844,133
87,0.041666666666666664,87,143,0.9854545454542849,137
88,0.041666666666666664,88,162,0.983535353535094,125
89,0.041666666666666664,89,144,0.9850505050502447,140
90,0.041666666666666664,90,145,0.9850505050502447,123
91,0.041666666666666664,91,123,0.9874747474744858,136
92,0.041666666666666664,92,162,0.983434343434084,134
93,0.041666666666666664,93,147,0.9847474747472146,123
94,0.041666666666666664,94,157,0.9840404040401443,134
95,0.041666666666666664,95,162,0.983434343434084,141
96,0.041666666666666664,96,154,0.9842424242421643,145
97,0.041666666666666664,97,151,0.9845454545451945,153
98,0.041666666666666664,98,166,0.9828282828280237,140
99,0.041666666666666664,99,159,0.9837373737371141,127
100,0.08333333333333333,100,145,0.9851515151512548,125
101,0.08333333333333333,101,133,0.9862626262623653,137
102,0.08333333333333333,102,161,0.9832323232320639,136
103,0.08333333333333333,103,152,0.9845454545451945,137
104,0.08333333333333333,104,161,0.9836363636361041,157
105,0.08333333333333333,105,123,0.9873737373734758,126
106,0.08333333333333333,106,170,0.9823232323229735,141
107,0.08333333333333333,107,138,0.985555555555295,137
108,0.08333333333333333,108,141,0.985555555555295,119
109,0.08333333333333333,109,143,0.9850505050502447,148
110,0.08333333333333333,110,145,0.9852525252522648,115
111,0.08333333333333333,111,144,0.9852525252522648,136
112,0.08333333333333333,112,166,0.9829292929290337,142
113,0.08333333333333333,113,143,0.9853535353532749,139
114,0.08333333333333333,114,163,0.9833333333330739,160
115,0.08333333333333333,115,150,0.9847474747472146,136
116,0.08333333333333333,116,147,0.9849494949492347,121
117,0.08333333333333333,117,153,0.9844444444441844,141
118,0.08333333333333333,118,151,0.9845454545451945,133
119,0.08333333333333333,119,155,0.9842424242421643,120
120,0.08333333333333333,120,156,0.9840404040401443,140
121,0.08333333333333333,121,147,0.9850505050502447,134
122,0.08333333333333333,122,167,0.9828282828280237,141
123,0.08333333333333333,123,147,0.9848484848482246,149
124,0.08333333333333333,124,139,0.9858585858583251,130
125,0.08333333333333333,125,164,0.9832323232320639,127
126,0.08333333333333333,126,146,0.9851515151512548,147
127,0.08333333333333333,127,136,0.9860606060603452,151
128,0.08333333333333333,128,156,0.9839393939391342,120
129,0.08333333333333333,129,122,0.9873737373734758,125
130,0.08333333333333333,130,158,0.9838383838381242,137
131,0.08333333333333333,131,142,0.9854545454542849,121
132,0.08333333333333333,132,157,0.9839393939391342,132
133,0.08333333333333333,133,161,0.9836363636361041,139
134,0.08333333333333333,134,141,0.9848484848482246,154
135,0.08333333333333333,135,150,0.9846464646462045,135
136,0.08333333333333333,136,160,0.983535353535094,133
137,0.08333333333333333,137,138,0.9858585858583251,132
138,0.08333333333333333,138,147,0.9847474747472146,133
139,0.08333333333333333,139,148,0.9848484848482246,133
140,0.08333333333333333,140,141,0.9853535353532749,125
141,0.08333333333333333,141,149,0.9848484848482246,133
142,0.08333333333333333,142,143,0.9854545454542849,137
143,0.08333333333333333,143,162,0.9833333333330739,128
144,0.08333333333333333,144,138,0.9859595959593351,129
145,0.08333333333333333,145,159,0.9836363636361041,133
146,0.08333333333333333,146,159,0.9838383838381242,129
147,0.08333333333333333,147,148,0.9848484848482246,152
148,0.08333333333333333,148,170,0.9826262626260036,148
149,0.08333333333333333,149,164,0.9833333333330739,139
150,0.125,150,158,0.9837373737371141,137
151,0.125,151,161,0.983535353535094,141
152,0.125,152,164,0.9831313131310538,153
153,0.125,153,154,0.9842424242421643,122
154,0.125,154,153,0.9840404040401443,135
155,0.125,155,137,0.9859595959593351,128
156,0.125,156,156,0.9841414141411543,130
157,0.125,157,160,0.983434343434084,127
158,0.125,158,150,0.9841414141411543,162
159,0.125,159,169,0.9827272727270137,169
160,0.125,160,170,0.9826262626260036,173
161,0.125,161,147,0.9847474747472146,139
162,0.125,162,132,0.9863636363633753,133
163,0.125,163,159,0.9836363636361041,127
164,0.125,164,166,0.9827272727270137,150
165,0.125,165,166,0.9830303030300438,135
166,0.125,166,135,0.9861616161613552,130
167,0.125,167,153,0.9844444444441844,135
168,0.125,168,143,0.9853535353532749,164
169,0.125,169,148,0.9846464646462045,146
170,0.125,170,164,0.9833333333330739,145
171,0.125,171,162,0.983434343434084,168
172,0.125,172,167,0.9827272727270137,158
173,0.125,173,160,0.983434343434084,144
174,0.125,174,164,0.9833333333330739,136
175,0.125,175,158,0.9839393939391342,135
176,0.125,176,163,0.9833333333330739,162
177,0.125,177,141,0.985656565656305,142
178,0.125,178,159,0.9836363636361041,138
179,0.125,179,165,0.9829292929290337,155
180,0.125,180,167,0.9830303030300438,148
181,0.125,181,163,0.9833333333330739,136
182,0.125,182,150,0.9847474747472146,134
183,0.125,183,167,0.9830303030300438,162
184,0.125,184,152,0.9845454545451945,138
185,0.125,185,142,0.9851515151512548,148
186,0.125,186,147,0.9849494949492347,129
187,0.125,187,134,0.9861616161613552,140
188,0.125,188,145,0.9850505050502447,142
189,0.125,189,150,0.9845454545451945,153
190,0.125,190,155,0.9839393939391342,160
191,0.125,191,145,0.9850505050502447,123
192,0.125,192,149,0.9845454545451945,129
193,0.125,193,166,0.9829292929290337,164
194,0.125,194,165,0.9830303030300438,147
195,0.125,195,155,0.9840404040401443,147
196,0.125,196,161,0.983434343434084,159
197,0.125,197,159,0.983535353535094,164
198,0.125,198,155,0.9836363636361041,140
199,0.125,199,162,0.9832323232320639,133
200,0.16666666666666666,200,168,0.9825252525249936,179
201,0.16666666666666666,201,140,0.985555555555295,137
202,0.16666666666666666,202,150,0.9847474747472146,124
203,0.16666666666666666,203,163,0.983434343434084,162
204,0.16666666666666666,204,122,0.9872727272724657,125
205,0.16666666666666666,205,159,0.9832323232320639,160
206,0.16666666666666666,206,148,0.9846464646462045,131
207,0.16666666666666666,207,139,0.9858585858583251,118
208,0.16666666666666666,208,149,0.9846464646462045,131
209,0.16666666666666666,209,141,0.9851515151512548,144
210,0.16666666666666666,210,164,0.9833333333330739,156
211,0.16666666666666666,211,160,0.9836363636361041,164
212,0.16666666666666666,212,144,0.9852525252522648,131
213,0.16666666666666666,213,140,0.985757575757315,129
214,0.16666666666666666,214,159,0.9837373737371141,160
215,0.16666666666666666,215,168,0.9828282828280237,143
216,0.16666666666666666,216,142,0.9853535353532749,145
217,0.16666666666666666,217,162,0.9832323232320639,163
218,0.16666666666666666,218,160,0.9833333333330739,164
219,0.16666666666666666,219,138,0.985555555555295,139
220,0.16666666666666666,220,175,0.9818181818179232,169
221,0.16666666666666666,221,138,0.985757575757315,136
222,0.16666666666666666,222,124,0.9873737373734758,137
223,0.16666666666666666,223,162,0.983535353535094,159
224,0.16666666666666666,224,144,0.9853535353532749,136
225,0.16666666666666666,225,155,0.9840404040401443,131
226,0.16666666666666666,226,157,0.9838383838381242,159
227,0.16666666666666666,227,163,0.9828282828280237,134
228,0.16666666666666666,228,158,0.9836363636361041,155
229,0.16666666666666666,229,147,0.9850505050502447,152
230,0.16666666666666666,230,158,0.9836363636361041,145
231,0.16666666666666666,231,144,0.9853535353532749,132
232,0.16666666666666666,232,165,0.9829292929290337,159
233,0.16666666666666666,233,157,0.9837373737371141,157
234,0.16666666666666666,234,142,0.9853535353532749,151
235,0.16666666666666666,235,161,0.983535353535094,156
236,0.16666666666666666,236,159,0.983535353535094,129
237,0.16666666666666666,237,150,0.9845454545451945,155
238,0.16666666666666666,238,155,0.9842424242421643,133
239,0.16666666666666666,239,142,0.9852525252522648,135
240,0.16666666666666666,240,142,0.9853535353532749,154
241,0.16666666666666666,241,149,0.9847474747472146,137
242,0.16666666666666666,242,145,0.9851515151512548,133
243,0.16666666666666666,243,161,0.9833333333330739,157
244,0.16666666666666666,244,128,0.9869696969694356,130
245,0.16666666666666666,245,163,0.9832323232320639,145
246,0.16666666666666666,246,161,0.983434343434084,151
247,0.16666666666666666,247,162,0.983535353535094,162
248,0.16666666666666666,248,157,0.9839393939391342,138
249,0.16666666666666666,249,161,0.983535353535094,135
250,0.20833333333333331,250,154,0.9843434343431744,152
251,0.20833333333333331,251,150,0.9845454545451945,138
252,0.20833333333333331,252,167,0.9828282828280237,163
253,0.20833333333333331,253,165,0.9831313131310538,143
254,0.20833333333333331,254,135,0.9860606060603452,128
255,0.20833333333333331,255,146,0.9850505050502447,123
256,0.20833333333333331,256,157,0.9840404040401443,128
257,0.20833333333333331,257,169,0.9828282828280237,164
258,0.20833333333333331,258,150,0.9847474747472146,160
259,0.20833333333333331,259,159,0.9837373737371141,159
260,0.20833333333333331,260,155,0.9839393939391342,143
261,0.20833333333333331,261,164,0.9830303030300438,162
262,0.20833333333333331,262,166,0.9825252525249936,162
263,0.20833333333333331,263,161,0.983434343434084,154
264,0.20833333333333331,264,142,0.9852525252522648,128
265,0.20833333333333331,265,158,0.9836363636361041,161
266,0.20833333333333331,266,143,0.9853535353532749,129
267,0.20833333333333331,267,162,0.983535353535094,139
268,0.20833333333333331,268,157,0.983535353535094,161
269,0.20833333333333331,269,148,0.9846464646462045,137
270,0.20833333333333331,270,164,0.9830303030300438,158
271,0.20833333333333331,271,154,0.9843434343431744,170
272,0.20833333333333331,272,161,0.9836363636361041,157
273,0.20833333333333331,273,147,0.9850505050502447,157
274,0.20833333333333331,274,166,0.9821212121209534,165
275,0.20833333333333331,275,154,0.9840404040401443,164
276,0.20833333333333331,276,169,0.9826262626260036,141
277,0.20833333333333331,277,150,0.9843434343431744,135
278,0.20833333333333331,278,156,0.9838383838381242,142
279,0.20833333333333331,279,153,0.9842424242421643,153
280,0.20833333333333331,280,155,0.9840404040401443,135
281,0.20833333333333331,281,171,0.9826262626260036,185
282,0.20833333333333331,282,147,0.9849494949492347,130
283,0.20833333333333331,283,159,0.9836363636361041,144
284,0.20833333333333331,284,132,0.9865656565653954,136
285,0.20833333333333331,285,163,0.983434343434084,164
286,0.20833333333333331,286,155,0.9841414141411543,145
287,0.20833333333333331,287,156,0.9841414141411543,141
288,0.20833333333333331,288,132,0.9865656565653954,152
289,0.20833333333333331,289,153,0.9842424242421643,136
290,0.20833333333333331,290,167,0.9825252525249936,167
291,0.20833333333333331,291,153,0.9842424242421643,146
292,0.20833333333333331,292,173,0.9820202020199433,191
293,0.20833333333333331,293,159,0.983535353535094,141
294,0.20833333333333331,294,140,0.9853535353532749,127
295,0.20833333333333331,295,152,0.9842424242421643,143
296,0.20833333333333331,296,170,0.9823232323229735,172
297,0.20833333333333331,297,162,0.9831313131310538,157
298,0.20833333333333331,298,161,0.9831313131310538,146
299,0.20833333333333331,299,168,0.9827272727270137,167
300,0.25,300,130,0.9864646464643854,137
301,0.25,301,163,0.9831313131310538,159
302,0.25,302,173,0.9821212121209534,199
303,0.25,303,162,0.983535353535094,146
304,0.25,304,156,0.983434343434084,168
305,0.25,305,163,0.9829292929290337,155
306,0.25,306,148,0.9847474747472146,148
307,0.25,307,156,0.9839393939391342,173
308,0.25,308,155,0.9840404040401443,149
309,0.25,309,150,0.9845454545451945,134
310,0.25,310,161,0.9831313131310538,156
311,0.25,311,163,0.9833333333330739,170
312,0.25,312,148,0.9846464646462045,141
313,0.25,313,157,0.983535353535094,153
314,0.25,314,141,0.9854545454542849,146
315,0.25,315,142,0.9851515151512548,139
316,0.25,316,170,0.9825252525249936,170
317,0.25,317,168,0.9827272727270137,160
318,0.25,318,159,0.9833333333330739,135
319,0.25,319,134,0.9860606060603452,153
320,0.25,320,151,0.9842424242421643,128
321,0.25,321,164,0.9830303030300438,153
322,0.25,322,151,0.9839393939391342,149
323,0.25,323,164,0.9828282828280237,170
324,0.25,324,146,0.9847474747472146,151
325,0.25,325,167,0.9829292929290337,169
326,0.25,326,163,0.9831313131310538,157
327,0.25,327,161,0.9832323232320639,157
328,0.25,328,162,0.983434343434084,162
329,0.25,329,158,0.9832323232320639,139
330,0.25,330,148,0.9846464646462045,130
331,0.25,331,173,0.9823232323229735,158
332,0.25,332,162,0.9825252525249936,129
333,0.25,333,154,0.9841414141411543,152
334,0.25,334,142,0.9849494949492347,139
335,0.25,335,164,0.9827272727270137,168
336,0.25,336,141,0.9852525252522648,155
337,0.25,337,160,0.9836363636361041,136
338,0.25,338,144,0.9851515151512548,137
339,0.25,339,168,0.9823232323229735,155
340,0.25,340,164,0.9832323232320639,179
341,0.25,341,168,0.9827272727270137,168
342,0.25,342,170,0.9824242424239835,162
343,0.25,343,174,0.9822222222219634,194
344,0.25,344,170,0.9826262626260036,189
345,0.25,345,162,0.9831313131310538,166
346,0.25,346,163,0.9830303030300438,158
347,0.25,347,154,0.9836363636361041,139
348,0.25,348,147,0.9847474747472146,131
349,0.25,349,154,0.9840404040401443,174
350,0.29166666666666663,350,169,0.9826262626260036,157
351,0.29166666666666663,351,143,0.9851515151512548,137
352,0.29166666666666663,352,160,0.9836363636361041,140
353,0.29166666666666663,353,173,0.9823232323229735,174
354,0.29166666666666663,354,165,0.9826262626260036,170
355,0.29166666666666663,355,161,0.9833333333330739,155
356,0.29166666666666663,356,163,0.9833333333330739,161
357,0.29166666666666663,357,168,0.9825252525249936,168
358,0.29166666666666663,358,166,0.9831313131310538,165
359,0.29166666666666663,359,169,0.9823232323229735,142
360,0.29166666666666663,360,171,0.9821212121209534,145
361,0.29166666666666663,361,140,0.9854545454542849,155
362,0.29166666666666663,362,133,0.9860606060603452,144
363,0.29166666666666663,363,166,0.9828282828280237,169
364,0.29166666666666663,364,149,0.9845454545451945,150
365,0.29166666666666663,365,157,0.9836363636361041,162
366,0.29166666666666663,366,158,0.9837373737371141,161
367,0.29166666666666663,367,138,0.9858585858583251,141
368,0.29166666666666663,368,158,0.983434343434084,171
369,0.29166666666666663,369,147,0.9848484848482246,182
370,0.29166666666666663,370,154,0.9842424242421643,160
371,0.29166666666666663,371,155,0.9837373737371141,125
372,0.29166666666666663,372,163,0.9830303030300438,150
373,0.29166666666666663,373,135,0.9862626262623653,143
374,0.29166666666666663,374,170,0.9824242424239835,163
375,0.29166666666666663,375,163,0.9832323232320639,145
376,0.29166666666666663,376,155,0.9837373737371141,147
377,0.29166666666666663,377,133,0.9864646464643854,135
378,0.29166666666666663,378,152,0.9841414141411543,156
379,0.29166666666666663,379,158,0.983434343434084,146
380,0.29166666666666663,380,134,0.9861616161613552,147
381,0.29166666666666663,381,178,0.9818181818179232,197
382,0.29166666666666663,382,148,0.9848484848482246,145
383,0.29166666666666663,383,168,0.9825252525249936,171
384,0.29166666666666663,384,145,0.9847474747472146,146
385,0.29166666666666663,385,169,0.9827272727270137,171
386,0.29166666666666663,386,173,0.9821212121209534,172
387,0.29166666666666663,387,136,0.9861616161613552,151
388,0.29166666666666663,388,161,0.9828282828280237,146
389,0.29166666666666663,389,155,0.983535353535094,139
390,0.29166666666666663,390,166,0.9830303030300438,138
391,0.29166666666666663,391,167,0.9830303030300438,172
392,0.29166666666666663,392,162,0.9830303030300438,177
393,0.29166666666666663,393,174,0.9821212121209534,192
394,0.29166666666666663,394,156,0.9832323232320639,139
395,0.29166666666666663,395,166,0.9824242424239835,171
396,0.29166666666666663,396,163,0.9833333333330739,173
397,0.29166666666666663,397,167,0.9827272727270137,175
398,0.29166666666666663,398,148,0.9847474747472146,143
399,0.29166666666666663,399,164,0.9831313131310538,173
400,0.3333333333333333,400,158,0.983535353535094,150
401,0.3333333333333333,401,157,0.9839393939391342,137
402,0.3333333333333333,402,143,0.9851515151512548,145
403,0.3333333333333333,403,165,0.9828282828280237,190
404,0.3333333333333333,404,178,0.9814141414138831,166
405,0.3333333333333333,405,167,0.9826262626260036,177
406,0.3333333333333333,406,135,0.985757575757315,148
407,0.3333333333333333,407,173,0.9824242424239835,155
408,0.3333333333333333,408,166,0.9827272727270137,167
409,0.3333333333333333,409,142,0.9853535353532749,145
410,0.3333333333333333,410,161,0.9831313131310538,174
411,0.3333333333333333,411,155,0.9841414141411543,138
412,0.3333333333333333,412,156,0.9839393939391342,166
413,0.3333333333333333,413,143,0.9852525252522648,148
414,0.3333333333333333,414,169,0.9826262626260036,174
415,0.3333333333333333,415,131,0.9862626262623653,126
416,0.3333333333333333,416,153,0.9842424242421643,171
417,0.3333333333333333,417,164,0.9832323232320639,142
418,0.3333333333333333,418,166,0.9829292929290337,168
419,0.3333333333333333,419,169,0.9822222222219634,164
420,0.3333333333333333,420,156,0.9838383838381242,163
421,0.3333333333333333,421,168,0.9825252525249936,169
422,0.3333333333333333,422,172,0.9825252525249936,167
423,0.3333333333333333,423,179,0.9815151515148931,194
424,0.3333333333333333,424,159,0.9831313131310538,162
425,0.3333333333333333,425,139,0.985757575757315,151
426,0.3333333333333333,426,155,0.9839393939391342,171
427,0.3333333333333333,427,153,0.9839393939391342,139
428,0.3333333333333333,428,139,0.985656565656305,153
429,0.3333333333333333,429,169,0.9825252525249936,177
430,0.3333333333333333,430,168,0.9828282828280237,175
431,0.3333333333333333,431,151,0.9843434343431744,157
432,0.3333333333333333,432,163,0.983434343434084,171
433,0.3333333333333333,433,159,0.9833333333330739,167
434,0.3333333333333333,434,148,0.9847474747472146,130
435,0.3333333333333333,435,159,0.983434343434084,150
436,0.3333333333333333,436,165,0.9825252525249936,136
437,0.3333333333333333,437,172,0.9820202020199433,172
438,0.3333333333333333,438,171,0.9822222222219634,173
439,0.3333333333333333,439,168,0.9817171717169132,151
440,0.3333333333333333,440,158,0.9833333333330739,158
441,0.3333333333333333,441,142,0.985555555555295,140
442,0.3333333333333333,442,169,0.9825252525249936,161
443,0.3333333333333333,443,164,0.9831313131310538,185
444,0.3333333333333333,444,152,0.9843434343431744,163
445,0.3333333333333333,445,166,0.9827272727270137,172
446,0.3333333333333333,446,152,0.9844444444441844,152
447,0.3333333333333333,447,162,0.9827272727270137,165
448,0.3333333333333333,448,171,0.9825252525249936,168
449,0.3333333333333333,449,156,0.983535353535094,150
450,0.375,450,171,0.9819191919189333,174
451,0.375,451,164,0.9828282828280237,166
452,0.375,452,165,0.9831313131310538,168
453,0.375,453,170,0.9827272727270137,160
454,0.375,454,173,0.9821212121209534,178
455,0.375,455,159,0.9833333333330739,147
456,0.375,456,163,0.9828282828280237,166
457,0.375,457,171,0.9822222222219634,176
458,0.375,458,172,0.9820202020199433,154
459,0.375,459,173,0.9823232323229735,207
460,0.375,460,162,0.983434343434084,176
461,0.375,461,165,0.9828282828280237,164
462,0.375,462,162,0.983434343434084,170
463,0.375,463,167,0.9826262626260036,174
464,0.375,464,172,0.9822222222219634,176
465,0.375,465,152,0.9840404040401443,154
466,0.375,466,162,0.9832323232320639,148
467,0.375,467,162,0.983535353535094,151
468,0.375,468,144,0.9851515151512548,158
469,0.375,469,147,0.9850505050502447,159
470,0.375,470,148,0.9845454545451945,151
471,0.375,471,165,0.9829292929290337,149
472,0.375,472,173,0.9820202020199433,180
473,0.375,473,170,0.9826262626260036,157
474,0.375,474,158,0.9839393939391342,150
475,0.375,475,167,0.9828282828280237,148
476,0.375,476,161,0.9836363636361041,145
477,0.375,477,171,0.9825252525249936,178
478,0.375,478,144,0.9850505050502447,139
479,0.375,479,163,0.9829292929290337,174
480,0.375,480,172,0.9818181818179232,183
481,0.375,481,158,0.9836363636361041,138
482,0.375,482,164,0.9823232323229735,181
483,0.375,483,155,0.9837373737371141,151
484,0.375,484,166,0.9828282828280237,172
485,0.375,485,170,0.9826262626260036,163
486,0.375,486,171,0.9821212121209534,167
487,0.375,487,174,0.9819191919189333,192
488,0.375,488,173,0.9817171717169132,169
489,0.375,489,173,0.9820202020199433,183
490,0.375,490,160,0.9833333333330739,151
491,0.375,491,157,0.9839393939391342,176
492,0.375,492,145,0.9849494949492347,169
493,0.375,493,161,0.9832323232320639,170
494,0.375,494,176,0.9818181818179232,212
495,0.375,495,145,0.9848484848482246,169
496,0.375,496,160,0.9836363636361041,148
497,0.375,497,137,0.985555555555295,141
498,0.375,498,160,0.983434343434084,147
499,0.375,499,161,0.983535353535094,143
500,0.41666666666666663,500,164,0.9827272727270137,167
501,0.41666666666666663,501,158,0.983434343434084,156
502,0.41666666666666663,502,167,0.9823232323229735,131
503,0.41666666666666663,503,149,0.9843434343431744,155
504,0.41666666666666663,504,164,0.9832323232320639,195
505,0.41666666666666663,505,179,0.9814141414138831,202
506,0.41666666666666663,506,159,0.9832323232320639,166
507,0.41666666666666663,507,167,0.9828282828280237,177
508,0.41666666666666663,508,167,0.9825252525249936,139
509,0.41666666666666663,509,169,0.9820202020199433,171
510,0.41666666666666663,510,153,0.9842424242421643,170
511,0.41666666666666663,511,168,0.9826262626260036,166
512,0.41666666666666663,512,170,0.9826262626260036,180
513,0.41666666666666663,513,153,0.9842424242421643,139
514,0.41666666666666663,514,173,0.9818181818179232,166
515,0.41666666666666663,515,165,0.9830303030300438,167
516,0.41666666666666663,516,163,0.9832323232320639,176
517,0.41666666666666663,517,166,0.9818181818179232,160
518,0.41666666666666663,518,172,0.9819191919189333,179
519,0.41666666666666663,519,163,0.9832323232320639,164
520,0.41666666666666663,520,153,0.9840404040401443,175
521,0.41666666666666663,521,173,0.9823232323229735,194
522,0.41666666666666663,522,178,0.9814141414138831,208
523,0.41666666666666663,523,164,0.9826262626260036,178
524,0.41666666666666663,524,162,0.9832323232320639,157
525,0.41666666666666663,525,163,0.9831313131310538,168
526,0.41666666666666663,526,150,0.9844444444441844,163
527,0.41666666666666663,527,163,0.9831313131310538,179
528,0.41666666666666663,528,151,0.9846464646462045,141
529,0.41666666666666663,529,169,0.9826262626260036,180
530,0.41666666666666663,530,170,0.9823232323229735,175
531,0.41666666666666663,531,159,0.9830303030300438,168
532,0.41666666666666663,532,149,0.9846464646462045,167
533,0.41666666666666663,533,160,0.983434343434084,157
534,0.41666666666666663,534,168,0.9826262626260036,172
535,0.41666666666666663,535,162,0.9829292929290337,157
536,0.41666666666666663,536,132,0.9858585858583251,136
537,0.41666666666666663,537,163,0.9832323232320639,144
538,0.41666666666666663,538,144,0.9848484848482246,140
539,0.41666666666666663,539,160,0.9833333333330739,157
540,0.41666666666666663,540,148,0.9847474747472146,136
541,0.41666666666666663,541,170,0.9821212121209534,173
542,0.41666666666666663,542,165,0.9827272727270137,177
543,0.41666666666666663,543,160,0.9833333333330739,174
544,0.41666666666666663,544,153,0.9838383838381242,153
545,0.41666666666666663,545,163,0.9828282828280237,157
546,0.41666666666666663,546,171,0.9821212121209534,167
547,0.41666666666666663,547,162,0.9830303030300438,170
548,0.41666666666666663,548,155,0.9841414141411543,140
549,0.41666666666666663,549,153,0.9843434343431744,166
550,0.4583333333333333,550,154,0.983434343434084,174
551,0.4583333333333333,551,157,0.9838383838381242,165
552,0.4583333333333333,552,160,0.9831313131310538,177
553,0.4583333333333333,553,142,0.9854545454542849,138
554,0.4583333333333333,554,150,0.9841414141411543,141
555,0.4583333333333333,555,163,0.9830303030300438,155
556,0.4583333333333333,556,154,0.9838383838381242,158
557,0.4583333333333333,557,171,0.9819191919189333,180
558,0.4583333333333333,558,156,0.9838383838381242,145
559,0.4583333333333333,559,141,0.9854545454542849,140
560,0.4583333333333333,560,169,0.9824242424239835,173
561,0.4583333333333333,561,158,0.9837373737371141,158
562,0.4583333333333333,562,148,0.9848484848482246,173
563,0.4583333333333333,563,153,0.9836363636361041,154
564,0.4583333333333333,564,167,0.9821212121209534,183
565,0.4583333333333333,565,163,0.9829292929290337,182
566,0.4583333333333333,566,159,0.9831313131310538,166
567,0.4583333333333333,567,174,0.9818181818179232,172
568,0.4583333333333333,568,154,0.9838383838381242,145
569,0.4583333333333333,569,176,0.9818181818179232,204
570,0.4583333333333333,570,174,0.9816161616159031,185
571,0.4583333333333333,571,175,0.9818181818179232,186
572,0.4583333333333333,572,172,0.9823232323229735,194
573,0.4583333333333333,573,173,0.9811111111108529,174
574,0.4583333333333333,574,173,0.9821212121209534,197
575,0.4583333333333333,575,169,0.9822222222219634,179
576,0.4583333333333333,576,139,0.985555555555295,159
577,0.4583333333333333,577,163,0.9833333333330739,177
578,0.4583333333333333,578,143,0.9850505050502447,176
579,0.4583333333333333,579,149,0.9846464646462045,136
580,0.4583333333333333,580,175,0.9817171717169132,205
581,0.4583333333333333,581,170,0.9824242424239835,189
582,0.4583333333333333,582,164,0.9825252525249936,174
583,0.4583333333333333,583,177,0.9816161616159031,191
584,0.4583333333333333,584,145,0.9847474747472146,158
585,0.4583333333333333,585,148,0.9849494949492347,165
586,0.4583333333333333,586,140,0.9854545454542849,136
587,0.4583333333333333,587,181,0.9802020202017625,213
588,0.4583333333333333,588,179,0.9815151515148931,212
589,0.4583333333333333,589,173,0.9817171717169132,180
590,0.4583333333333333,590,146,0.9842424242421643,175
591,0.4583333333333333,591,144,0.9850505050502447,174
592,0.4583333333333333,592,166,0.9829292929290337,195
593,0.4583333333333333,593,168,0.9825252525249936,199
594,0.4583333333333333,594,170,0.9821212121209534,192
595,0.4583333333333333,595,173,0.9818181818179232,203
596,0.4583333333333333,596,158,0.9832323232320639,178
597,0.4583333333333333,597,163,0.9823232323229735,159
598,0.4583333333333333,598,158,0.9836363636361041,153
599,0.4583333333333333,599,150,0.9842424242421643,159
600,0.5,600,160,0.9829292929290337,170
601,0.5,601,169,0.9824242424239835,175
602,0.5,602,160,0.9831313131310538,178
603,0.5,603,141,0.9854545454542849,139
604,0.5,604,148,0.9847474747472146,169
605,0.5,605,151,0.9842424242421643,176
606,0.5,606,158,0.9830303030300438,192
607,0.5,607,160,0.9832323232320639,194
608,0.5,608,167,0.9825252525249936,195
609,0.5,609,164,0.9829292929290337,145
610,0.5,610,153,0.9837373737371141,171
611,0.5,611,157,0.9839393939391342,172
612,0.5,612,172,0.9821212121209534,176
613,0.5,613,163,0.9830303030300438,188
614,0.5,614,178,0.981212121211863,208
615,0.5,615,172,0.981212121211863,188
616,0.5,616,177,0.9818181818179232,211
617,0.5,617,170,0.9826262626260036,206
618,0.5,618,165,0.9826262626260036,169
619,0.5,619,158,0.9831313131310538,169
620,0.5,620,160,0.9832323232320639,172
621,0.5,621,162,0.9832323232320639,175
622,0.5,622,154,0.9836363636361041,184
623,0.5,623,170,0.9825252525249936,153
624,0.5,624,171,0.9826262626260036,177
625,0.5,625,168,0.9825252525249936,183
626,0.5,626,172,0.9819191919189333,218
627,0.5,627,147,0.9845454545451945,157
628,0.5,628,160,0.9830303030300438,165
629,0.5,629,163,0.9828282828280237,173
630,0.5,630,157,0.9839393939391342,174
631,0.5,631,170,0.9824242424239835,177
632,0.5,632,165,0.9826262626260036,175
633,0.5,633,155,0.9837373737371141,160
634,0.5,634,159,0.9837373737371141,151
635,0.5,635,170,0.9824242424239835,173
636,0.5,636,152,0.9844444444441844,181
637,0.5,637,168,0.9828282828280237,174
638,0.5,638,178,0.9811111111108529,214
639,0.5,639,149,0.9844444444441844,159
640,0.5,640,157,0.9838383838381242,142
641,0.5,641,162,0.9826262626260036,170
642,0.5,642,158,0.9837373737371141,160
643,0.5,643,170,0.9822222222219634,181
644,0.5,644,143,0.9853535353532749,167
645,0.5,645,151,0.9838383838381242,156
646,0.5,646,146,0.9845454545451945,172
647,0.5,647,158,0.983535353535094,155
648,0.5,648,164,0.9822222222219634,172
649,0.5,649,164,0.9827272727270137,160
650,0.5416666666666666,650,165,0.9826262626260036,182
651,0.5416666666666666,651,166,0.9820202020199433,152
652,0.5416666666666666,652,177,0.9814141414138831,213
653,0.5416666666666666,653,170,0.9823232323229735,200
654,0.5416666666666666,654,169,0.9823232323229735,183
655,0.5416666666666666,655,134,0.9860606060603452,153
656,0.5416666666666666,656,157,0.983535353535094,184
657,0.5416666666666666,657,157,0.983434343434084,176
658,0.5416666666666666,658,168,0.9823232323229735,197
659,0.5416666666666666,659,175,0.9819191919189333,209
660,0.5416666666666666,660,160,0.9833333333330739,154
661,0.5416666666666666,661,169,0.9822222222219634,188
662,0.5416666666666666,662,156,0.9838383838381242,172
663,0.5416666666666666,663,157,0.9839393939391342,176
664,0.5416666666666666,664,167,0.9826262626260036,177
665,0.5416666666666666,665,153,0.9842424242421643,151
666,0.5416666666666666,666,167,0.9824242424239835,170
667,0.5416666666666666,667,170,0.9819191919189333,188
668,0.5416666666666666,668,154,0.9840404040401443,166
669,0.5416666666666666,669,177,0.9818181818179232,182
670,0.5416666666666666,670,163,0.9828282828280237,155
671,0.5416666666666666,671,175,0.9816161616159031,193
672,0.5416666666666666,672,167,0.9828282828280237,174
673,0.5416666666666666,673,165,0.9825252525249936,184
674,0.5416666666666666,674,167,0.9828282828280237,185
675,0.5416666666666666,675,174,0.9818181818179232,181
676,0.5416666666666666,676,162,0.9824242424239835,180
677,0.5416666666666666,677,152,0.9842424242421643,157
678,0.5416666666666666,678,165,0.9821212121209534,168
679,0.5416666666666666,679,157,0.9837373737371141,177
680,0.5416666666666666,680,169,0.9822222222219634,185
681,0.5416666666666666,681,151,0.9843434343431744,151
682,0.5416666666666666,682,166,0.9826262626260036,186
683,0.5416666666666666,683,177,0.981212121211863,203
684,0.5416666666666666,684,171,0.9821212121209534,179
685,0.5416666666666666,685,162,0.9829292929290337,173
686,0.5416666666666666,686,168,0.9826262626260036,181
687,0.5416666666666666,687,173,0.9821212121209534,186
688,0.5416666666666666,688,161,0.983535353535094,156
689,0.5416666666666666,689,162,0.9831313131310538,173
690,0.5416666666666666,690,166,0.9825252525249936,213
691,0.5416666666666666,691,172,0.981212121211863,182
692,0.5416666666666666,692,177,0.9816161616159031,219
693,0.5416666666666666,693,148,0.9848484848482246,174
694,0.5416666666666666,694,177,0.9815151515148931,214
695,0.5416666666666666,695,171,0.9826262626260036,183
696,0.5416666666666666,696,154,0.9842424242421643,159
697,0.5416666666666666,697,173,0.9810101010098429,206
698,0.5416666666666666,698,171,0.9823232323229735,185
699,0.5416666666666666,699,170,0.9826262626260036,199
700,0.5833333333333333,700,169,0.9820202020199433,161
701,0.5833333333333333,701,172,0.9823232323229735,172
702,0.5833333333333333,702,168,0.9826262626260036,155
703,0.5833333333333333,703,163,0.9831313131310538,211
704,0.5833333333333333,704,163,0.9830303030300438,190
705,0.5833333333333333,705,172,0.9821212121209534,185
706,0.5833333333333333,706,166,0.9823232323229735,178
707,0.5833333333333333,707,172,0.9818181818179232,219
708,0.5833333333333333,708,169,0.9822222222219634,172
709,0.5833333333333333,709,169,0.9821212121209534,185
710,0.5833333333333333,710,178,0.9814141414138831,212
711,0.5833333333333333,711,170,0.9824242424239835,189
712,0.5833333333333333,712,174,0.981313131312873,218
713,0.5833333333333333,713,159,0.9831313131310538,156
714,0.5833333333333333,714,170,0.9819191919189333,172
715,0.5833333333333333,715,167,0.9827272727270137,184
716,0.5833333333333333,716,173,0.9816161616159031,194
717,0.5833333333333333,717,163,0.9826262626260036,174
718,0.5833333333333333,718,162,0.9832323232320639,162
719,0.5833333333333333,719,144,0.9847474747472146,180
720,0.5833333333333333,720,175,0.9818181818179232,222
721,0.5833333333333333,721,169,0.9825252525249936,182
722,0.5833333333333333,722,167,0.9826262626260036,183
723,0.5833333333333333,723,172,0.9821212121209534,176
724,0.5833333333333333,724,173,0.981212121211863,185
725,0.5833333333333333,725,153,0.9833333333330739,175
726,0.5833333333333333,726,148,0.9846464646462045,172
727,0.5833333333333333,727,178,0.9816161616159031,187
728,0.5833333333333333,728,167,0.9825252525249936,172
729,0.5833333333333333,729,169,0.9824242424239835,195
730,0.5833333333333333,730,175,0.9810101010098429,218
731,0.5833333333333333,731,160,0.9831313131310538,188
732,0.5833333333333333,732,172,0.9817171717169132,213
733,0.5833333333333333,733,172,0.9822222222219634,192
734,0.5833333333333333,734,177,0.9811111111108529,210
735,0.5833333333333333,735,162,0.9831313131310538,178
736,0.5833333333333333,736,170,0.9819191919189333,179
737,0.5833333333333333,737,176,0.9815151515148931,221
738,0.5833333333333333,738,174,0.9818181818179232,221
739,0.5833333333333333,739,181,0.981212121211863,219
740,0.5833333333333333,740,153,0.9840404040401443,206
741,0.5833333333333333,741,173,0.9818181818179232,214
742,0.5833333333333333,742,163,0.9833333333330739,184
743,0.5833333333333333,743,174,0.9815151515148931,188
744,0.5833333333333333,744,168,0.9825252525249936,187
745,0.5833333333333333,745,174,0.9821212121209534,221
746,0.5833333333333333,746,168,0.981212121211863,202
747,0.5833333333333333,747,172,0.9811111111108529,189
748,0.5833333333333333,748,174,0.9822222222219634,192
749,0.5833333333333333,749,178,0.9817171717169132,211
750,0.625,750,161,0.9830303030300438,190
751,0.625,751,166,0.9823232323229735,169
752,0.625,752,168,0.9817171717169132,177
753,0.625,753,149,0.9843434343431744,152
754,0.625,754,175,0.9819191919189333,217
755,0.625,755,178,0.9814141414138831,213
756,0.625,756,172,0.9821212121209534,218
757,0.625,757,173,0.9820202020199433,225
758,0.625,758,165,0.9827272727270137,175
759,0.625,759,165,0.9827272727270137,208
760,0.625,760,175,0.981313131312873,197
761,0.625,761,149,0.9843434343431744,156
762,0.625,762,165,0.9826262626260036,190
763,0.625,763,173,0.9820202020199433,218
764,0.625,764,171,0.9819191919189333,193
765,0.625,765,178,0.9808080808078228,191
766,0.625,766,155,0.9832323232320639,181
767,0.625,767,159,0.9830303030300438,207
768,0.625,768,173,0.9820202020199433,221
769,0.625,769,173,0.9809090909088328,167
770,0.625,770,160,0.9831313131310538,179
771,0.625,771,167,0.9821212121209534,188
772,0.625,772,175,0.9815151515148931,222
773,0.625,773,162,0.9825252525249936,175
774,0.625,774,171,0.9825252525249936,172
775,0.625,775,161,0.983434343434084,176
776,0.625,776,164,0.9822222222219634,167
777,0.625,777,159,0.983434343434084,182
778,0.625,778,171,0.9821212121209534,202
779,0.625,779,175,0.9816161616159031,185
780,0.625,780,158,0.9831313131310538,185
781,0.625,781,170,0.9821212121209534,209
782,0.625,782,165,0.9824242424239835,183
783,0.625,783,167,0.9828282828280237,172
784,0.625,784,169,0.9826262626260036,200
785,0.625,785,153,0.9837373737371141,174
786,0.625,786,169,0.9828282828280237,164
787,0.625,787,155,0.9838383838381242,198
788,0.625,788,173,0.9816161616159031,189
789,0.625,789,169,0.9820202020199433,182
790,0.625,790,176,0.981313131312873,176
791,0.625,791,165,0.9828282828280237,155
792,0.625,792,172,0.9818181818179232,183
793,0.625,793,154,0.9840404040401443,171
794,0.625,794,172,0.9814141414138831,158
795,0.625,795,148,0.9846464646462045,161
796,0.625,796,165,0.9824242424239835,184
797,0.625,797,151,0.9840404040401443,171
798,0.625,798,165,0.9829292929290337,212
799,0.625,799,171,0.9814141414138831,190
800,0.6666666666666666,800,176,0.9814141414138831,215
801,0.6666666666666666,801,169,0.9822222222219634,181
802,0.6666666666666666,802,170,0.9823232323229735,216
803,0.6666666666666666,803,184,0.9810101010098429,227
804,0.6666666666666666,804,179,0.981212121211863,214
805,0.6666666666666666,805,173,0.9817171717169132,220
806,0.6666666666666666,806,156,0.9837373737371141,157
807,0.6666666666666666,807,150,0.9837373737371141,194
808,0.6666666666666666,808,171,0.9820202020199433,178
809,0.6666666666666666,809,158,0.983535353535094,198
810,0.6666666666666666,810,174,0.981212121211863,197
811,0.6666666666666666,811,164,0.9824242424239835,162
812,0.6666666666666666,812,170,0.9822222222219634,209
813,0.6666666666666666,813,172,0.9822222222219634,205
814,0.6666666666666666,814,153,0.9833333333330739,161
815,0.6666666666666666,815,172,0.9821212121209534,211
816,0.6666666666666666,816,160,0.983535353535094,187
817,0.6666666666666666,817,136,0.9859595959593351,165
818,0.6666666666666666,818,174,0.9817171717169132,177
819,0.6666666666666666,819,171,0.9824242424239835,190
820,0.6666666666666666,820,179,0.9815151515148931,220
821,0.6666666666666666,821,169,0.9824242424239835,208
822,0.6666666666666666,822,176,0.9817171717169132,220
823,0.6666666666666666,823,159,0.9827272727270137,183
824,0.6666666666666666,824,175,0.9819191919189333,231
825,0.6666666666666666,825,177,0.9811111111108529,233
826,0.6666666666666666,826,141,0.9852525252522648,175
827,0.6666666666666666,827,152,0.9839393939391342,199
828,0.6666666666666666,828,176,0.981212121211863,224
829,0.6666666666666666,829,165,0.9824242424239835,152
830,0.6666666666666666,830,165,0.9828282828280237,213
831,0.6666666666666666,831,160,0.9828282828280237,182
832,0.6666666666666666,832,167,0.9823232323229735,192
833,0.6666666666666666,833,174,0.9819191919189333,214
834,0.6666666666666666,834,163,0.9827272727270137,175
835,0.6666666666666666,835,149,0.9837373737371141,179
836,0.6666666666666666,836,150,0.9838383838381242,170
837,0.6666666666666666,837,152,0.9839393939391342,155
838,0.6666666666666666,838,163,0.9824242424239835,195
839,0.6666666666666666,839,171,0.9822222222219634,199
840,0.6666666666666666,840,156,0.9833333333330739,184
841,0.6666666666666666,841,166,0.9825252525249936,191
842,0.6666666666666666,842,174,0.9815151515148931,188
843,0.6666666666666666,843,175,0.9817171717169132,187
844,0.6666666666666666,844,170,0.9820202020199433,218
845,0.6666666666666666,845,170,0.981313131312873,158
846,0.6666666666666666,846,170,0.9824242424239835,199
847,0.6666666666666666,847,165,0.9819191919189333,179
848,0.6666666666666666,848,171,0.9816161616159031,188
849,0.6666666666666666,849,167,0.9823232323229735,208
850,0.7083333333333333,850,160,0.9829292929290337,171
851,0.7083333333333333,851,176,0.9808080808078228,223
852,0.7083333333333333,852,177,0.9816161616159031,232
853,0.7083333333333333,853,171,0.9820202020199433,216
854,0.7083333333333333,854,176,0.9810101010098429,232
855,0.7083333333333333,855,171,0.9816161616159031,162
856,0.7083333333333333,856,175,0.981212121211863,163
857,0.7083333333333333,857,164,0.9830303030300438,192
858,0.7083333333333333,858,175,0.981313131312873,215
859,0.7083333333333333,859,169,0.9818181818179232,232
860,0.7083333333333333,860,174,0.9810101010098429,223
861,0.7083333333333333,861,175,0.9814141414138831,227
862,0.7083333333333333,862,177,0.9814141414138831,212
863,0.7083333333333333,863,161,0.9825252525249936,160
864,0.7083333333333333,864,180,0.9810101010098429,225
865,0.7083333333333333,865,175,0.9816161616159031,221
866,0.7083333333333333,866,176,0.9818181818179232,234
867,0.7083333333333333,867,173,0.9816161616159031,222
868,0.7083333333333333,868,170,0.9824242424239835,203
869,0.7083333333333333,869,172,0.9817171717169132,203
870,0.7083333333333333,870,152,0.9843434343431744,171
871,0.7083333333333333,871,176,0.9816161616159031,226
872,0.7083333333333333,872,166,0.9827272727270137,181
873,0.7083333333333333,873,178,0.9814141414138831,225
874,0.7083333333333333,874,148,0.9838383838381242,174
875,0.7083333333333333,875,172,0.9814141414138831,176
876,0.7083333333333333,876,159,0.9836363636361041,203
877,0.7083333333333333,877,176,0.981313131312873,224
878,0.7083333333333333,878,171,0.9817171717169132,223
879,0.7083333333333333,879,168,0.9823232323229735,201
880,0.7083333333333333,880,177,0.9820202020199433,219
881,0.7083333333333333,881,152,0.9839393939391342,164
882,0.7083333333333333,882,176,0.9821212121209534,221
883,0.7083333333333333,883,165,0.9830303030300438,174
884,0.7083333333333333,884,173,0.9804040404037826,191
885,0.7083333333333333,885,162,0.9832323232320639,159
886,0.7083333333333333,886,157,0.9831313131310538,177
887,0.7083333333333333,887,178,0.9803030303027725,228
888,0.7083333333333333,888,174,0.9815151515148931,216
889,0.7083333333333333,889,173,0.9814141414138831,218
890,0.7083333333333333,890,168,0.9825252525249936,182
891,0.7083333333333333,891,175,0.9815151515148931,197
892,0.7083333333333333,892,170,0.9822222222219634,199
893,0.7083333333333333,893,175,0.9819191919189333,234
894,0.7083333333333333,894,178,0.981212121211863,225
895,0.7083333333333333,895,176,0.9819191919189333,236
896,0.7083333333333333,896,158,0.983434343434084,198
897,0.7083333333333333,897,180,0.981313131312873,216
898,0.7083333333333333,898,163,0.9828282828280237,193
899,0.7083333333333333,899,149,0.9839393939391342,179
900,0.75,900,161,0.9831313131310538,195
901,0.75,901,169,0.9821212121209534,196
902,0.75,902,175,0.9815151515148931,186
903,0.75,903,174,0.9814141414138831,227
904,0.75,904,176,0.9815151515148931,219
905,0.75,905,179,0.9805050505047926,197
906,0.75,906,182,0.981212121211863,227
907,0.75,907,165,0.9826262626260036,191
908,0.75,908,164,0.9829292929290337,194
909,0.75,909,174,0.9819191919189333,230
910,0.75,910,159,0.9831313131310538,201
911,0.75,911,153,0.9837373737371141,159
912,0.75,912,178,0.9809090909088328,223
913,0.75,913,164,0.9823232323229735,184
914,0.75,914,169,0.9823232323229735,188
915,0.75,915,165,0.9823232323229735,167
916,0.75,916,168,0.981313131312873,207
917,0.75,917,179,0.9803030303027725,242
918,0.75,918,168,0.9819191919189333,191
919,0.75,919,167,0.9827272727270137,179
920,0.75,920,164,0.9826262626260036,188
921,0.75,921,177,0.9810101010098429,230
922,0.75,922,163,0.9823232323229735,188
923,0.75,923,166,0.9822222222219634,166
924,0.75,924,159,0.9826262626260036,195
925,0.75,925,169,0.9824242424239835,232
926,0.75,926,167,0.9816161616159031,192
927,0.75,927,174,0.9819191919189333,215
928,0.75,928,168,0.9828282828280237,199
929,0.75,929,177,0.9815151515148931,200
930,0.75,930,166,0.9825252525249936,186
931,0.75,931,174,0.9817171717169132,213
932,0.75,932,173,0.9819191919189333,201
933,0.75,933,176,0.9817171717169132,221
934,0.75,934,151,0.9836363636361041,174
935,0.75,935,175,0.9806060606058027,190
936,0.75,936,180,0.9810101010098429,240
937,0.75,937,168,0.9822222222219634,197
938,0.75,938,168,0.9821212121209534,196
939,0.75,939,177,0.9818181818179232,230
940,0.75,940,177,0.9814141414138831,241
941,0.75,941,154,0.983535353535094,171
942,0.75,942,174,0.9821212121209534,221
943,0.75,943,155,0.9838383838381242,166
944,0.75,944,177,0.9816161616159031,200
945,0.75,945,171,0.9819191919189333,218
946,0.75,946,154,0.9839393939391342,167
947,0.75,947,178,0.9811111111108529,204
948,0.75,948,181,0.981212121211863,228
949,0.75,949,178,0.9807070707068127,197
950,0.7916666666666666,950,177,0.9809090909088328,227
951,0.7916666666666666,951,181,0.9808080808078228,248
952,0.7916666666666666,952,175,0.9816161616159031,220
953,0.7916666666666666,953,149,0.9836363636361041,169
954,0.7916666666666666,954,163,0.9827272727270137,179
955,0.7916666666666666,955,167,0.9822222222219634,196
956,0.7916666666666666,956,180,0.9809090909088328,241
957,0.7916666666666666,957,176,0.9816161616159031,236
958,0.7916666666666666,958,175,0.9814141414138831,198
959,0.7916666666666666,959,175,0.9814141414138831,236
960,0.7916666666666666,960,176,0.9815151515148931,208
961,0.7916666666666666,961,174,0.9815151515148931,180
962,0.7916666666666666,962,172,0.9822222222219634,225
963,0.7916666666666666,963,169,0.9822222222219634,202
964,0.7916666666666666,964,172,0.981212121211863,189
965,0.7916666666666666,965,167,0.981212121211863,176
966,0.7916666666666666,966,174,0.9816161616159031,198
967,0.7916666666666666,967,163,0.9829292929290337,166
968,0.7916666666666666,968,174,0.9817171717169132,232
969,0.7916666666666666,969,179,0.9811111111108529,240
970,0.7916666666666666,970,161,0.9821212121209534,173
971,0.7916666666666666,971,172,0.9818181818179232,232
972,0.7916666666666666,972,175,0.9815151515148931,232
973,0.7916666666666666,973,175,0.9818181818179232,199
974,0.7916666666666666,974,171,0.9809090909088328,202
975,0.7916666666666666,975,157,0.9836363636361041,189
976,0.7916666666666666,976,159,0.9830303030300438,180
977,0.7916666666666666,977,178,0.981313131312873,229
978,0.7916666666666666,978,168,0.9816161616159031,228
979,0.7916666666666666,979,172,0.9819191919189333,229
980,0.7916666666666666,980,180,0.9808080808078228,243
981,0.7916666666666666,981,173,0.9815151515148931,199
982,0.7916666666666666,982,140,0.9852525252522648,190
983,0.7916666666666666,983,175,0.9807070707068127,222
984,0.7916666666666666,984,180,0.9808080808078228,229
985,0.7916666666666666,985,159,0.9832323232320639,181
986,0.7916666666666666,986,173,0.9819191919189333,234
987,0.7916666666666666,987,173,0.9817171717169132,231
988,0.7916666666666666,988,169,0.9823232323229735,180
989,0.7916666666666666,989,176,0.9808080808078228,226
990,0.7916666666666666,990,174,0.9815151515148931,230
991,0.7916666666666666,991,167,0.9820202020199433,208
992,0.7916666666666666,992,175,0.981212121211863,234
993,0.7916666666666666,993,174,0.9818181818179232,229
994,0.7916666666666666,994,175,0.981212121211863,193
995,0.7916666666666666,995,170,0.9817171717169132,213
996,0.7916666666666666,996,173,0.9811111111108529,214
997,0.7916666666666666,997,145,0.9844444444441844,186
998,0.7916666666666666,998,170,0.981313131312873,204
999,0.7916666666666666,999,176,0.981212121211863,231
1000,0.8333333333333333,1000,178,0.9808080808078228,230
1001,0.8333333333333333,1001,178,0.9808080808078228,237
1002,0.8333333333333333,1002,176,0.9809090909088328,224
1003,0.8333333333333333,1003,179,0.981212121211863,233
1004,0.8333333333333333,1004,178,0.9805050505047926,210
1005,0.8333333333333333,1005,174,0.981313131312873,232
1006,0.8333333333333333,1006,145,0.9826262626260036,172
1007,0.8333333333333333,1007,179,0.981313131312873,255
1008,0.8333333333333333,1008,168,0.9819191919189333,210
1009,0.8333333333333333,1009,180,0.9814141414138831,199
1010,0.8333333333333333,1010,154,0.9821212121209534,184
1011,0.8333333333333333,1011,173,0.9818181818179232,205
1012,0.8333333333333333,1012,170,0.9823232323229735,219
1013,0.8333333333333333,1013,176,0.9802020202017625,242
1014,0.8333333333333333,1014,177,0.9808080808078228,232
1015,0.8333333333333333,1015,171,0.9821212121209534,190
1016,0.8333333333333333,1016,179,0.981212121211863,241
1017,0.8333333333333333,1017,163,0.9823232323229735,185
1018,0.8333333333333333,1018,167,0.9826262626260036,204
1019,0.8333333333333333,1019,173,0.9823232323229735,231
1020,0.8333333333333333,1020,176,0.9814141414138831,202
1021,0.8333333333333333,1021,160,0.9829292929290337,167
1022,0.8333333333333333,1022,172,0.9814141414138831,229
1023,0.8333333333333333,1023,164,0.9821212121209534,201
1024,0.8333333333333333,1024,176,0.9811111111108529,204
1025,0.8333333333333333,1025,177,0.9799999999997424,217
1026,0.8333333333333333,1026,167,0.9818181818179232,184
1027,0.8333333333333333,1027,171,0.9818181818179232,212
1028,0.8333333333333333,1028,170,0.9821212121209534,206
1029,0.8333333333333333,1029,169,0.9822222222219634,210
1030,0.8333333333333333,1030,160,0.9830303030300438,171
1031,0.8333333333333333,1031,175,0.9810101010098429,196
1032,0.8333333333333333,1032,177,0.9818181818179232,245
1033,0.8333333333333333,1033,175,0.9817171717169132,238
1034,0.8333333333333333,1034,165,0.9819191919189333,199
1035,0.8333333333333333,1035,173,0.9816161616159031,177
1036,0.8333333333333333,1036,181,0.9807070707068127,232
1037,0.8333333333333333,1037,172,0.9819191919189333,238
1038,0.8333333333333333,1038,162,0.9821212121209534,194
1039,0.8333333333333333,1039,174,0.9815151515148931,203
1040,0.8333333333333333,1040,152,0.9833333333330739,219
1041,0.8333333333333333,1041,165,0.9819191919189333,188
1042,0.8333333333333333,1042,175,0.9808080808078228,236
1043,0.8333333333333333,1043,179,0.9803030303027725,231
1044,0.8333333333333333,1044,169,0.9816161616159031,203
1045,0.8333333333333333,1045,177,0.9809090909088328,228
1046,0.8333333333333333,1046,178,0.9806060606058027,223
1047,0.8333333333333333,1047,177,0.9804040404037826,209
1048,0.8333333333333333,1048,175,0.9811111111108529,224
1049,0.8333333333333333,1049,179,0.981313131312873,232
1050,0.875,1050,168,0.9814141414138831,232
1051,0.875,1051,178,0.9816161616159031,237
1052,0.875,1052,152,0.983535353535094,185
1053,0.875,1053,173,0.9807070707068127,182
1054,0.875,1054,178,0.9802020202017625,236
1055,0.875,1055,175,0.9810101010098429,239
1056,0.875,1056,167,0.9823232323229735,178
1057,0.875,1057,181,0.9802020202017625,249
1058,0.875,1058,172,0.9823232323229735,166
1059,0.875,1059,163,0.9814141414138831,226
1060,0.875,1060,178,0.981313131312873,240
1061,0.875,1061,160,0.9825252525249936,183
1062,0.875,1062,178,0.9808080808078228,242
1063,0.875,1063,179,0.9811111111108529,256
1064,0.875,1064,172,0.9820202020199433,204
1065,0.875,1065,177,0.9810101010098429,229
1066,0.875,1066,169,0.9822222222219634,186
1067,0.875,1067,178,0.9811111111108529,251
1068,0.875,1068,168,0.9819191919189333,209
1069,0.875,1069,167,0.9819191919189333,203
1070,0.875,1070,174,0.9816161616159031,208
1071,0.875,1071,168,0.9826262626260036,241
1072,0.875,1072,166,0.9824242424239835,182
1073,0.875,1073,178,0.981313131312873,226
1074,0.875,1074,151,0.9839393939391342,198
1075,0.875,1075,169,0.9816161616159031,188
1076,0.875,1076,180,0.9808080808078228,227
1077,0.875,1077,175,0.9815151515148931,237
1078,0.875,1078,169,0.9819191919189333,236
1079,0.875,1079,181,0.981212121211863,206
1080,0.875,1080,180,0.9806060606058027,243
1081,0.875,1081,171,0.9822222222219634,240
1082,0.875,1082,175,0.9815151515148931,185
1083,0.875,1083,160,0.9819191919189333,240
1084,0.875,1084,180,0.9810101010098429,211
1085,0.875,1085,178,0.9795959595957022,229
1086,0.875,1086,175,0.9805050505047926,196
1087,0.875,1087,174,0.9817171717169132,237
1088,0.875,1088,177,0.9809090909088328,240
1089,0.875,1089,171,0.9808080808078228,221
1090,0.875,1090,172,0.9816161616159031,193
1091,0.875,1091,178,0.9816161616159031,240
1092,0.875,1092,166,0.9819191919189333,218
1093,0.875,1093,178,0.9809090909088328,239
1094,0.875,1094,177,0.981313131312873,237
1095,0.875,1095,168,0.9817171717169132,206
1096,0.875,1096,181,0.9802020202017625,248
1097,0.875,1097,177,0.9807070707068127,212
1098,0.875,1098,178,0.9808080808078228,232
1099,0.875,1099,167,0.9819191919189333,183
1100,0.9166666666666666,1100,180,0.9814141414138831,244
1101,0.9166666666666666,1101,165,0.9815151515148931,214
1102,0.9166666666666666,1102,163,0.983434343434084,186
1103,0.9166666666666666,1103,179,0.9811111111108529,249
1104,0.9166666666666666,1104,181,0.981212121211863,245
1105,0.9166666666666666,1105,179,0.9807070707068127,240
1106,0.9166666666666666,1106,179,0.9804040404037826,253
1107,0.9166666666666666,1107,168,0.9818181818179232,246
1108,0.9166666666666666,1108,179,0.9803030303027725,254
1109,0.9166666666666666,1109,177,0.9808080808078228,193
1110,0.9166666666666666,1110,175,0.9819191919189333,234
1111,0.9166666666666666,1111,156,0.983535353535094,226
1112,0.9166666666666666,1112,175,0.9814141414138831,248
1113,0.9166666666666666,1113,168,0.9818181818179232,246
1114,0.9166666666666666,1114,175,0.9810101010098429,242
1115,0.9166666666666666,1115,180,0.981313131312873,252
1116,0.9166666666666666,1116,166,0.9817171717169132,218
1117,0.9166666666666666,1117,167,0.9825252525249936,250
1118,0.9166666666666666,1118,161,0.9823232323229735,213
1119,0.9166666666666666,1119,179,0.981212121211863,251
1120,0.9166666666666666,1120,168,0.9819191919189333,195
1121,0.9166666666666666,1121,178,0.9808080808078228,239
1122,0.9166666666666666,1122,179,0.9803030303027725,248
1123,0.9166666666666666,1123,180,0.9810101010098429,243
1124,0.9166666666666666,1124,170,0.9825252525249936,232
1125,0.9166666666666666,1125,181,0.9801010101007525,245
1126,0.9166666666666666,1126,167,0.9821212121209534,197
1127,0.9166666666666666,1127,183,0.9795959595957022,236
1128,0.9166666666666666,1128,177,0.9811111111108529,241
1129,0.9166666666666666,1129,176,0.9810101010098429,246
1130,0.9166666666666666,1130,174,0.981313131312873,207
1131,0.9166666666666666,1131,174,0.9814141414138831,204
1132,0.9166666666666666,1132,168,0.9823232323229735,229
1133,0.9166666666666666,1133,180,0.9804040404037826,252
1134,0.9166666666666666,1134,162,0.9826262626260036,196
1135,0.9166666666666666,1135,179,0.9808080808078228,251
1136,0.9166666666666666,1136,176,0.9808080808078228,241
1137,0.9166666666666666,1137,153,0.9840404040401443,166
1138,0.9166666666666666,1138,175,0.9811111111108529,245
1139,0.9166666666666666,1139,168,0.9819191919189333,210
1140,0.9166666666666666,1140,174,0.9814141414138831,192
1141,0.9166666666666666,1141,178,0.9805050505047926,248
1142,0.9166666666666666,1142,168,0.9815151515148931,184
1143,0.9166666666666666,1143,152,0.9833333333330739,192
1144,0.9166666666666666,1144,170,0.9821212121209534,215
1145,0.9166666666666666,1145,172,0.9822222222219634,241
1146,0.9166666666666666,1146,178,0.9810101010098429,238
1147,0.9166666666666666,1147,180,0.9806060606058027,255
1148,0.9166666666666666,1148,160,0.9831313131310538,180
1149,0.9166666666666666,1149,172,0.9817171717169132,198
1150,0.9583333333333333,1150,179,0.9807070707068127,253
1151,0.9583333333333333,1151,168,0.9820202020199433,238
1152,0.9583333333333333,1152,168,0.9816161616159031,233
1153,0.9583333333333333,1153,170,0.9816161616159031,182
1154,0.9583333333333333,1154,169,0.9816161616159031,192
1155,0.9583333333333333,1155,170,0.9809090909088328,241
1156,0.9583333333333333,1156,162,0.9809090909088328,204
1157,0.9583333333333333,1157,177,0.9806060606058027,266
1158,0.9583333333333333,1158,181,0.9805050505047926,224
1159,0.9583333333333333,1159,176,0.9808080808078228,252
1160,0.9583333333333333,1160,166,0.9824242424239835,194
1161,0.9583333333333333,1161,170,0.9819191919189333,193
1162,0.9583333333333333,1162,182,0.9803030303027725,261
1163,0.9583333333333333,1163,178,0.9815151515148931,255
1164,0.9583333333333333,1164,178,0.9811111111108529,247
1165,0.9583333333333333,1165,148,0.9831313131310538,174
1166,0.9583333333333333,1166,179,0.9807070707068127,245
1167,0.9583333333333333,1167,177,0.9811111111108529,219
1168,0.9583333333333333,1168,180,0.9801010101007525,206
1169,0.9583333333333333,1169,152,0.9831313131310538,173
1170,0.9583333333333333,1170,172,0.9815151515148931,221
1171,0.9583333333333333,1171,177,0.9809090909088328,230
1172,0.9583333333333333,1172,176,0.9810101010098429,243
1173,0.9583333333333333,1173,177,0.981313131312873,256
1174,0.9583333333333333,1174,180,0.9807070707068127,195
1175,0.9583333333333333,1175,178,0.9809090909088328,259
1176,0.9583333333333333,1176,177,0.9815151515148931,185
1177,0.9583333333333333,1177,168,0.9817171717169132,249
1178,0.9583333333333333,1178,158,0.9832323232320639,181
1179,0.9583333333333333,1179,175,0.9809090909088328,218
1180,0.9583333333333333,1180,185,0.9804040404037826,244
1181,0.9583333333333333,1181,183,0.9809090909088328,246
1182,0.9583333333333333,1182,178,0.9815151515148931,242
1183,0.9583333333333333,1183,162,0.9830303030300438,235
1184,0.9583333333333333,1184,173,0.9811111111108529,254
1185,0.9583333333333333,1185,175,0.981313131312873,225
1186,0.9583333333333333,1186,181,0.9808080808078228,249
1187,0.9583333333333333,1187,180,0.9803030303027725,269
1188,0.9583333333333333,1188,180,0.9807070707068127,244
1189,0.9583333333333333,1189,170,0.9815151515148931,211
1190,0.9583333333333333,1190,166,0.9818181818179232,192
1191,0.9583333333333333,1191,174,0.9815151515148931,187
1192,0.9583333333333333,1192,177,0.9806060606058027,239
1193,0.9583333333333333,1193,164,0.9807070707068127,188
1194,0.9583333333333333,1194,181,0.9806060606058027,244
1195,0.9583333333333333,1195,173,0.9815151515148931,241
1196,0.9583333333333333,1196,171,0.9816161616159031,240
1197,0.9583333333333333,1197,179,0.9806060606058027,264
1198,0.9583333333333333,1198,162,0.9822222222219634,207
1199,0.9583333333333333,1199,178,0.981212121211863,248
1200,1.0,1200,180,0.981212121211863,259
1201,1.0,1201,167,0.9817171717169132,238
1202,1.0,1202,176,0.9818181818179232,278
1203,1.0,1203,169,0.9814141414138831,207
1204,1.0,1204,175,0.9811111111108529,228
1205,1.0,1205,179,0.9808080808078228,241
1206,1.0,1206,149,0.9847474747472146,191
1207,1.0,1207,177,0.9805050505047926,251
1208,1.0,1208,178,0.9803030303027725,254
1209,1.0,1209,179,0.9809090909088328,266
1210,1.0,1210,175,0.9809090909088328,253
1211,1.0,1211,167,0.9823232323229735,189
1212,1.0,1212,175,0.981313131312873,264
1213,1.0,1213,177,0.9804040404037826,252
1214,1.0,1214,167,0.9822222222219634,255
1215,1.0,1215,176,0.981212121211863,242
1216,1.0,1216,172,0.981212121211863,232
1217,1.0,1217,181,0.9797979797977223,255
1218,1.0,1218,174,0.9809090909088328,247
1219,1.0,1219,183,0.9801010101007525,259
1220,1.0,1220,182,0.9805050505047926,254
1221,1.0,1221,167,0.9823232323229735,175
1222,1.0,1222,178,0.9810101010098429,242
1223,1.0,1223,155,0.9832323232320639,196
1224,1.0,1224,178,0.9807070707068127,240
1225,1.0,1225,178,0.9810101010098429,203
1226,1.0,1226,183,0.9797979797977223,254
1227,1.0,1227,168,0.9818181818179232,233
1228,1.0,1228,181,0.9802020202017625,269
1229,1.0,1229,175,0.9807070707068127,253
1230,1.0,1230,180,0.9806060606058027,253
1231,1.0,1231,177,0.9814141414138831,218
1232,1.0,1232,181,0.981212121211863,245
1233,1.0,1233,178,0.9811111111108529,268
1234,1.0,1234,176,0.9804040404037826,260
1235,1.0,1235,181,0.9793939393936821,254
1236,1.0,1236,169,0.9818181818179232,193
1237,1.0,1237,182,0.9801010101007525,256
1238,1.0,1238,171,0.9811111111108529,211
1239,1.0,1239,157,0.983535353535094,234
1240,1.0,1240,179,0.9809090909088328,255
1241,1.0,1241,172,0.981212121211863,190
1242,1.0,1242,182,0.9809090909088328,255
1243,1.0,1243,165,0.9819191919189333,241
1244,1.0,1244,177,0.9807070707068127,246
1245,1.0,1245,169,0.9817171717169132,246
1246,1.0,1246,168,0.9819191919189333,250
1247,1.0,1247,175,0.9816161616159031,248
1248,1.0,1248,173,0.9815151515148931,189
1249,1.0,1249,179,0.9805050505047926,251
