,truck_max_speed,Run,Extinguished,On Fire,Step
0,1,0,918,0.6414141414140677,81
1,1,1,1440,0.8516161616159738,147
2,1,2,1079,0.5990909090908584,100
3,1,3,1229,0.7284848484847275,105
4,1,4,1006,0.6785858585857647,93
5,1,5,772,0.5213131313131228,84
6,1,6,1182,0.7506060606059276,124
7,1,7,1010,0.6129292929292347,107
8,1,8,1150,0.6847474747473775,119
9,1,9,1165,0.762323232323093,120
10,1,10,1753,0.7808080808079314,172
11,1,11,789,0.5712121212120856,78
12,1,12,1401,0.7052525252524169,130
13,1,13,761,0.5213131313131228,69
14,1,14,1017,0.6162626262625662,100
15,1,15,1538,0.9259595959593677,183
16,1,16,1012,0.6493939393938614,92
17,1,17,1565,0.7793939393937908,170
18,1,18,1078,0.6742424242423327,88
19,1,19,987,0.6389898989898266,128
20,1,20,1034,0.6167676767676165,83
21,1,21,1083,0.6912121212120205,98
22,1,22,959,0.6117171717171141,78
23,1,23,1077,0.6532323232322431,116
24,1,24,1766,0.8641414141412195,214
25,1,25,849,0.6009090909090392,88
26,1,26,826,0.6181818181817571,94
27,1,27,975,0.6599999999999162,95
28,1,28,846,0.5799999999999597,82
29,1,29,956,0.613636363636305,83
30,1,30,993,0.6911111111110104,95
31,1,31,1027,0.6341414141413444,78
32,1,32,983,0.6648484848483984,87
33,1,33,912,0.5299999999999868,94
34,1,34,1511,0.9291919191916892,140
35,1,35,838,0.5517171717171467,78
36,1,36,1113,0.7327272727271494,106
37,1,37,1013,0.6240404040403398,92
38,1,38,812,0.589393939393894,72
39,1,39,920,0.5948484848484364,83
40,1,40,922,0.613535353535295,90
41,1,41,812,0.5586868686868399,80
42,1,42,1328,0.8243434343432613,133
43,1,43,810,0.6115151515150941,90
44,1,44,1069,0.6129292929292347,95
45,1,45,1056,0.6808080808079857,90
46,1,46,1382,0.7614141414140025,140
47,1,47,989,0.6320202020201334,92
48,1,48,905,0.6277777777777115,85
49,1,49,900,0.6212121212120585,86
50,2,50,474,0.13606060606060685,40
51,2,51,499,0.12272727272727345,44
52,2,52,380,0.10424242424242484,37
53,2,53,1108,0.28303030303030474,66
54,2,54,709,0.19747474747474866,55
55,2,55,723,0.17242424242424345,57
56,2,56,945,0.27868686868687037,65
57,2,57,548,0.15969696969697064,48
58,2,58,595,0.15818181818181912,48
59,2,59,1054,0.31484848484848676,98
60,2,60,796,0.1995959595959608,54
61,2,61,794,0.20444444444444568,54
62,2,62,706,0.21464646464646595,64
63,2,63,914,0.20888888888889015,61
64,2,64,512,0.12363636363636436,50
65,2,65,813,0.26505050505050665,59
66,2,66,825,0.26484848484848644,65
67,2,67,972,0.2546464646464662,55
68,2,68,883,0.21484848484848615,53
69,2,69,403,0.1193939393939401,38
70,2,70,1158,0.24343434343434492,67
71,2,71,570,0.1517171717171726,46
72,2,72,556,0.15323232323232414,49
73,2,73,760,0.17888888888888996,50
74,2,74,784,0.23171717171717313,61
75,2,75,742,0.1693939393939404,51
76,2,76,408,0.10494949494949556,36
77,2,77,919,0.30727272727272914,61
78,2,78,809,0.20494949494949619,51
79,2,79,690,0.1814141414141425,54
80,2,80,707,0.2240404040404054,60
81,2,81,411,0.12050505050505121,35
82,2,82,307,0.09313131313131366,32
83,2,83,1143,0.30090909090909274,64
84,2,84,666,0.17434343434343538,53
85,2,85,315,0.10494949494949556,30
86,2,86,586,0.14929292929293017,46
87,2,87,737,0.1632323232323242,52
88,2,88,792,0.1988888888888901,56
89,2,89,610,0.15363636363636454,53
90,2,90,462,0.13121212121212197,36
91,2,91,822,0.2366666666666681,59
92,2,92,866,0.2483838383838399,63
93,2,93,653,0.1696969696969707,50
94,2,94,543,0.12878787878787953,50
95,2,95,816,0.19191919191919307,53
96,2,96,976,0.294242424242426,82
97,2,97,849,0.2696969696969713,61
98,2,98,369,0.10454545454545515,36
99,2,99,459,0.1259595959595967,39
100,3,100,342,0.0649494949494953,26
101,3,101,286,0.05919191919191951,24
102,3,102,245,0.05595959595959626,24
103,3,103,224,0.049797979797980056,22
104,3,104,301,0.06353535353535388,26
105,3,105,306,0.05666666666666697,25
106,3,106,194,0.04696969696969721,21
107,3,107,204,0.048484848484848735,21
108,3,108,334,0.07414141414141455,27
109,3,109,234,0.05202020202020229,24
110,3,110,285,0.05373737373737402,26
111,3,111,243,0.055151515151515444,24
112,3,112,328,0.06989898989899028,28
113,3,113,226,0.05424242424242453,22
114,3,114,257,0.0523232323232326,26
115,3,115,304,0.06454545454545489,27
116,3,116,317,0.061818181818182154,27
117,3,117,227,0.055151515151515444,22
118,3,118,250,0.05505050505050534,24
119,3,119,198,0.04838383838383863,21
120,3,120,265,0.059494949494949816,24
121,3,121,194,0.047373737373737616,19
122,3,122,336,0.06919191919191957,28
123,3,123,220,0.05070707070707097,23
124,3,124,288,0.06171717171717205,25
125,3,125,187,0.04747474747474772,21
126,3,126,197,0.04868686868686894,20
127,3,127,356,0.07848484848484892,26
128,3,128,243,0.05080808080808107,24
129,3,129,224,0.0525252525252528,22
130,3,130,326,0.06888888888888926,27
131,3,131,199,0.04707070707070731,20
132,3,132,195,0.05050505050505077,21
133,3,133,251,0.05787878787878819,23
134,3,134,297,0.06444444444444479,25
135,3,135,259,0.056363636363636664,25
136,3,136,234,0.05383838383838412,21
137,3,137,294,0.0647474747474751,26
138,3,138,193,0.048585858585858836,20
139,3,139,254,0.057676767676767986,21
140,3,140,186,0.04474747474747497,19
141,3,141,251,0.05484848484848514,24
142,3,142,250,0.058888888888889206,24
143,3,143,368,0.0711111111111115,28
144,3,144,273,0.060101010101010426,26
145,3,145,215,0.051616161616161886,23
146,3,146,276,0.06080808080808114,25
147,3,147,237,0.053434343434343716,23
148,3,148,340,0.06989898989899028,28
149,3,149,340,0.06555555555555591,27
150,4,150,149,0.027878787878787996,16
151,4,151,178,0.03353535353535369,16
152,4,152,176,0.033838383838383994,16
153,4,153,138,0.024646464646464743,15
154,4,154,130,0.025555555555555658,14
155,4,155,136,0.024646464646464743,15
156,4,156,153,0.03060606060606074,16
157,4,157,155,0.027373737373737488,16
158,4,158,190,0.03343434343434359,17
159,4,159,163,0.031010101010101147,15
160,4,160,166,0.03171717171717186,15
161,4,161,182,0.02939393939393952,17
162,4,162,153,0.02575757575757586,16
163,4,163,166,0.030303030303030436,16
164,4,164,156,0.028585858585858707,15
165,4,165,156,0.03121212121212135,15
166,4,166,173,0.03494949494949511,17
167,4,167,141,0.02454545454545464,14
168,4,168,176,0.03292929292929308,16
169,4,169,154,0.030202020202020334,16
170,4,170,175,0.03303030303030318,16
171,4,171,173,0.03161616161616176,16
172,4,172,161,0.030101010101010232,16
173,4,173,185,0.032020202020202164,17
174,4,174,147,0.027272727272727386,17
175,4,175,157,0.02878787878787891,15
176,4,176,150,0.029696969696969826,14
177,4,177,158,0.027979797979798098,16
178,4,178,180,0.03343434343434359,16
179,4,179,141,0.028282828282828402,15
180,4,180,172,0.0343434343434345,16
181,4,181,175,0.032121212121212266,17
182,4,182,168,0.028989898989899114,16
183,4,183,163,0.029494949494949622,16
184,4,184,169,0.030404040404040537,16
185,4,185,154,0.02929292929292942,16
186,4,186,178,0.033333333333333486,17
187,4,187,209,0.03555555555555572,18
188,4,188,210,0.03545454545454562,17
189,4,189,152,0.02989898989899003,16
190,4,190,181,0.033939393939394095,16
191,4,191,175,0.03191919191919206,17
192,4,192,188,0.029797979797979927,17
193,4,193,203,0.03373737373737389,17
194,4,194,172,0.03343434343434359,16
195,4,195,157,0.02878787878787891,16
196,4,196,169,0.029191919191919317,16
197,4,197,158,0.028888888888889012,15
198,4,198,128,0.023030303030303116,14
199,4,199,147,0.027070707070707183,15
200,5,200,137,0.0220202020202021,13
201,5,201,127,0.020606060606060676,13
202,5,202,132,0.023636363636363726,13
203,5,203,156,0.024040404040404133,14
204,5,204,114,0.019797979797979863,12
205,5,205,138,0.021616161616161693,13
206,5,206,115,0.019797979797979863,12
207,5,207,127,0.01969696969696976,13
208,5,208,121,0.021212121212121286,12
209,5,209,135,0.020404040404040473,13
210,5,210,112,0.019292929292929355,12
211,5,211,133,0.02141414141414149,13
212,5,212,119,0.01848484848484854,12
213,5,213,113,0.019292929292929355,13
214,5,214,112,0.01777777777777783,12
215,5,215,153,0.0220202020202021,13
216,5,216,113,0.018686868686868745,13
217,5,217,109,0.01898989898989905,12
218,5,218,143,0.02323232323232332,13
219,5,219,116,0.018686868686868745,12
220,5,220,123,0.019393939393939456,13
221,5,221,119,0.01909090909090915,12
222,5,222,111,0.02020202020202027,12
223,5,223,144,0.020505050505050575,13
224,5,224,145,0.02151515151515159,13
225,5,225,87,0.013131313131313153,12
226,5,226,112,0.018787878787878846,12
227,5,227,137,0.022525252525252608,13
228,5,228,113,0.01777777777777783,12
229,5,229,117,0.019292929292929355,12
230,5,230,141,0.021818181818181896,13
231,5,231,110,0.01848484848484854,12
232,5,232,136,0.024848484848484946,13
233,5,233,143,0.021919191919191998,14
234,5,234,167,0.025454545454545556,15
235,5,235,127,0.019191919191919253,13
236,5,236,113,0.01666666666666671,12
237,5,237,141,0.021919191919191998,14
238,5,238,134,0.023535353535353624,13
239,5,239,146,0.023535353535353624,13
240,5,240,109,0.01838383838383844,12
241,5,241,120,0.018686868686868745,13
242,5,242,128,0.02030303030303037,12
243,5,243,111,0.017575757575757626,12
244,5,244,119,0.01959595959595966,12
245,5,245,105,0.015959595959596,12
246,5,246,142,0.021818181818181896,14
247,5,247,130,0.022222222222222303,13
248,5,248,111,0.019191919191919253,12
249,5,249,159,0.023131313131313218,14
250,6,250,89,0.012121212121212137,10
251,6,251,95,0.012626262626262645,10
252,6,252,101,0.014040404040404068,10
253,6,253,92,0.013232323232323255,10
254,6,254,89,0.012222222222222238,10
255,6,255,96,0.013737373737373763,10
256,6,256,91,0.012828282828282848,10
257,6,257,128,0.018080808080808135,11
258,6,258,98,0.014949494949494983,10
259,6,259,104,0.015050505050505085,10
260,6,260,93,0.013434343434343458,10
261,6,261,99,0.01353535353535356,10
262,6,262,92,0.011818181818181832,10
263,6,263,106,0.015252525252525288,11
264,6,264,101,0.013232323232323255,10
265,6,265,141,0.019797979797979863,11
266,6,266,120,0.017373737373737423,11
267,6,267,87,0.012727272727272747,10
268,6,268,100,0.013636363636363662,10
269,6,269,115,0.015656565656565695,12
270,6,270,85,0.012121212121212137,10
271,6,271,105,0.013434343434343458,11
272,6,272,113,0.01666666666666671,11
273,6,273,101,0.014646464646464678,11
274,6,274,119,0.01656565656565661,11
275,6,275,98,0.013939393939393967,11
276,6,276,104,0.015151515151515187,11
277,6,277,84,0.012020202020202035,10
278,6,278,102,0.014040404040404068,11
279,6,279,85,0.01232323232323234,10
280,6,280,120,0.017676767676767728,11
281,6,281,93,0.013434343434343458,10
282,6,282,109,0.015757575757575797,11
283,6,283,84,0.01171717171717173,10
284,6,284,109,0.015656565656565695,11
285,6,285,68,0.00929292929292929,10
286,6,286,106,0.013737373737373763,10
287,6,287,80,0.01111111111111112,10
288,6,288,114,0.015656565656565695,11
289,6,289,114,0.015050505050505085,11
290,6,290,111,0.01474747474747478,11
291,6,291,106,0.014545454545454577,11
292,6,292,94,0.013333333333333357,10
293,6,293,105,0.015555555555555593,10
294,6,294,116,0.015555555555555593,10
295,6,295,110,0.015050505050505085,12
296,6,296,108,0.015757575757575797,11
297,6,297,92,0.012222222222222238,10
298,6,298,101,0.016161616161616203,10
299,6,299,101,0.015151515151515187,10
300,7,300,103,0.014040404040404068,10
301,7,301,82,0.010808080808080815,9
302,7,302,89,0.01171717171717173,9
303,7,303,91,0.011616161616161629,9
304,7,304,75,0.010909090909090917,9
305,7,305,100,0.012525252525252543,9
306,7,306,95,0.012424242424242442,9
307,7,307,91,0.012525252525252543,9
308,7,308,79,0.010404040404040409,9
309,7,309,88,0.012727272727272747,9
310,7,310,89,0.011616161616161629,9
311,7,311,74,0.009090909090909087,8
312,7,312,66,0.008383838383838375,8
313,7,313,100,0.012828282828282848,9
314,7,314,92,0.012828282828282848,9
315,7,315,83,0.010404040404040409,9
316,7,316,59,0.006969696969696959,8
317,7,317,75,0.009696969696969697,9
318,7,318,100,0.01353535353535356,10
319,7,319,87,0.01171717171717173,9
320,7,320,88,0.011212121212121222,9
321,7,321,90,0.012424242424242442,9
322,7,322,101,0.012525252525252543,9
323,7,323,81,0.010303030303030307,8
324,7,324,92,0.012222222222222238,9
325,7,325,78,0.010101010101010104,9
326,7,326,87,0.011919191919191933,9
327,7,327,96,0.012424242424242442,10
328,7,328,78,0.009494949494949494,8
329,7,329,87,0.011616161616161629,9
330,7,330,83,0.011010101010101019,9
331,7,331,101,0.012626262626262645,9
332,7,332,84,0.010707070707070714,9
333,7,333,87,0.010808080808080815,9
334,7,334,82,0.010303030303030307,9
335,7,335,78,0.009393939393939392,8
336,7,336,88,0.010808080808080815,9
337,7,337,91,0.012020202020202035,10
338,7,338,107,0.013737373737373763,10
339,7,339,97,0.012626262626262645,9
340,7,340,87,0.011616161616161629,9
341,7,341,98,0.013232323232323255,9
342,7,342,91,0.011414141414141425,9
343,7,343,79,0.009696969696969697,9
344,7,344,79,0.009494949494949494,9
345,7,345,100,0.012222222222222238,9
346,7,346,81,0.010303030303030307,9
347,7,347,83,0.0098989898989899,9
348,7,348,85,0.010808080808080815,9
349,7,349,85,0.011818181818181832,9
350,8,350,67,0.007474747474747463,8
351,8,351,78,0.009494949494949494,8
352,8,352,85,0.010202020202020205,8
353,8,353,72,0.008282828282828274,8
354,8,354,65,0.0072727272727272614,8
355,8,355,72,0.008484848484848477,8
356,8,356,75,0.009090909090909087,8
357,8,357,74,0.008585858585858579,8
358,8,358,69,0.007575757575757564,8
359,8,359,79,0.009494949494949494,8
360,8,360,93,0.010606060606060612,8
361,8,361,74,0.008585858585858579,8
362,8,362,80,0.00868686868686868,8
363,8,363,76,0.008787878787878782,8
364,8,364,82,0.009696969696969697,8
365,8,365,75,0.008787878787878782,8
366,8,366,71,0.008383838383838375,8
367,8,367,74,0.008484848484848477,8
368,8,368,62,0.0072727272727272614,8
369,8,369,62,0.0072727272727272614,7
370,8,370,67,0.007373737373737362,7
371,8,371,80,0.00868686868686868,8
372,8,372,62,0.007373737373737362,8
373,8,373,69,0.007878787878787867,8
374,8,374,77,0.008888888888888884,8
375,8,375,63,0.0072727272727272614,8
376,8,376,70,0.00808080808080807,7
377,8,377,73,0.008787878787878782,8
378,8,378,69,0.007979797979797969,8
379,8,379,87,0.010606060606060612,8
380,8,380,86,0.010606060606060612,8
381,8,381,87,0.010808080808080815,8
382,8,382,95,0.010909090909090917,8
383,8,383,73,0.009191919191919189,8
384,8,384,71,0.008383838383838375,7
385,8,385,81,0.009696969696969697,8
386,8,386,56,0.006464646464646455,7
387,8,387,67,0.007373737373737362,7
388,8,388,51,0.0057575757575757495,7
389,8,389,69,0.008383838383838375,8
390,8,390,65,0.0072727272727272614,8
391,8,391,82,0.00929292929292929,8
392,8,392,90,0.010909090909090917,8
393,8,393,83,0.009797979797979799,8
394,8,394,72,0.008484848484848477,8
395,8,395,92,0.011010101010101019,8
396,8,396,74,0.008383838383838375,8
397,8,397,64,0.0067676767676767575,8
398,8,398,67,0.008181818181818172,8
399,8,399,71,0.008282828282828274,8
400,9,400,68,0.007373737373737362,7
401,9,401,64,0.0067676767676767575,6
402,9,402,52,0.00585858585858585,7
403,9,403,48,0.005050505050505044,6
404,9,404,57,0.005959595959595951,6
405,9,405,47,0.005151515151515145,6
406,9,406,61,0.006565656565656556,6
407,9,407,55,0.005959595959595951,7
408,9,408,56,0.006060606060606052,7
409,9,409,67,0.0072727272727272614,7
410,9,410,72,0.007777777777777765,7
411,9,411,57,0.006060606060606052,7
412,9,412,55,0.005959595959595951,7
413,9,413,47,0.004949494949494943,6
414,9,414,63,0.006868686868686858,7
415,9,415,55,0.005959595959595951,6
416,9,416,63,0.0067676767676767575,7
417,9,417,62,0.006868686868686858,7
418,9,418,56,0.00585858585858585,7
419,9,419,59,0.006363636363636354,7
420,9,420,43,0.004444444444444439,6
421,9,421,61,0.006565656565656556,7
422,9,422,46,0.004949494949494943,6
423,9,423,39,0.004040404040404036,6
424,9,424,63,0.0067676767676767575,7
425,9,425,56,0.006060606060606052,6
426,9,426,59,0.006161616161616153,6
427,9,427,60,0.006565656565656556,7
428,9,428,60,0.006464646464646455,7
429,9,429,58,0.006161616161616153,7
430,9,430,48,0.004949494949494943,6
431,9,431,69,0.007474747474747463,7
432,9,432,40,0.0043434343434343384,6
433,9,433,46,0.005050505050505044,6
434,9,434,58,0.006464646464646455,7
435,9,435,68,0.007171717171717161,7
436,9,436,64,0.006868686868686858,7
437,9,437,59,0.0062626262626262535,6
438,9,438,77,0.008383838383838375,7
439,9,439,53,0.0057575757575757495,7
440,9,440,63,0.006666666666666657,6
441,9,441,55,0.006161616161616153,7
442,9,442,65,0.007373737373737362,7
443,9,443,73,0.008181818181818172,7
444,9,444,69,0.007575757575757564,7
445,9,445,57,0.0062626262626262535,7
446,9,446,64,0.006868686868686858,7
447,9,447,56,0.006060606060606052,7
448,9,448,53,0.0057575757575757495,6
449,9,449,44,0.004747474747474742,6
450,10,450,55,0.0057575757575757495,6
451,10,451,65,0.006868686868686858,6
452,10,452,57,0.006060606060606052,6
453,10,453,56,0.0057575757575757495,6
454,10,454,38,0.0038383838383838345,5
455,10,455,48,0.005151515151515145,6
456,10,456,43,0.004444444444444439,6
457,10,457,40,0.004040404040404036,6
458,10,458,67,0.006969696969696959,6
459,10,459,78,0.008181818181818172,7
460,10,460,51,0.005252525252525246,6
461,10,461,64,0.006666666666666657,6
462,10,462,57,0.006161616161616153,6
463,10,463,60,0.0062626262626262535,6
464,10,464,56,0.005959595959595951,6
465,10,465,48,0.005050505050505044,6
466,10,466,46,0.004949494949494943,6
467,10,467,73,0.00808080808080807,7
468,10,468,54,0.0057575757575757495,6
469,10,469,54,0.005454545454545447,6
470,10,470,68,0.0072727272727272614,7
471,10,471,51,0.005151515151515145,6
472,10,472,57,0.00585858585858585,6
473,10,473,56,0.0057575757575757495,6
474,10,474,57,0.00585858585858585,6
475,10,475,46,0.004949494949494943,6
476,10,476,53,0.005555555555555548,6
477,10,477,73,0.007575757575757564,7
478,10,478,50,0.005454545454545447,6
479,10,479,64,0.006565656565656556,6
480,10,480,50,0.005454545454545447,6
481,10,481,65,0.0067676767676767575,7
482,10,482,41,0.004141414141414137,6
483,10,483,42,0.0043434343434343384,6
484,10,484,64,0.006868686868686858,6
485,10,485,55,0.005555555555555548,6
486,10,486,49,0.005050505050505044,6
487,10,487,58,0.006060606060606052,6
488,10,488,43,0.004444444444444439,6
489,10,489,59,0.006060606060606052,6
490,10,490,61,0.006464646464646455,6
491,10,491,64,0.006666666666666657,6
492,10,492,62,0.006565656565656556,6
493,10,493,58,0.006161616161616153,6
494,10,494,57,0.0057575757575757495,6
495,10,495,57,0.00585858585858585,6
496,10,496,59,0.0062626262626262535,6
497,10,497,47,0.004747474747474742,6
498,10,498,49,0.004949494949494943,6
499,10,499,46,0.004646464646464641,6
500,11,500,32,0.0032323232323232297,5
501,11,501,39,0.003939393939393935,6
502,11,502,45,0.00454545454545454,5
503,11,503,43,0.0043434343434343384,6
504,11,504,48,0.004949494949494943,6
505,11,505,51,0.005454545454545447,6
506,11,506,50,0.005353535353535346,6
507,11,507,39,0.003939393939393935,5
508,11,508,45,0.00454545454545454,6
509,11,509,41,0.0043434343434343384,6
510,11,510,44,0.004444444444444439,6
511,11,511,46,0.004949494949494943,6
512,11,512,45,0.004646464646464641,6
513,11,513,37,0.0037373737373737337,5
514,11,514,43,0.0043434343434343384,6
515,11,515,47,0.004949494949494943,6
516,11,516,49,0.005151515151515145,6
517,11,517,48,0.004949494949494943,6
518,11,518,44,0.004444444444444439,6
519,11,519,55,0.005656565656565649,6
520,11,520,50,0.005353535353535346,6
521,11,521,42,0.004242424242424238,5
522,11,522,58,0.0062626262626262535,6
523,11,523,53,0.005555555555555548,6
524,11,524,58,0.00585858585858585,6
525,11,525,53,0.005555555555555548,6
526,11,526,49,0.004949494949494943,6
527,11,527,54,0.0057575757575757495,6
528,11,528,43,0.004646464646464641,6
529,11,529,50,0.005252525252525246,6
530,11,530,60,0.006363636363636354,6
531,11,531,49,0.005252525252525246,6
532,11,532,58,0.006363636363636354,6
533,11,533,47,0.004747474747474742,6
534,11,534,40,0.004242424242424238,6
535,11,535,42,0.004242424242424238,6
536,11,536,35,0.0037373737373737337,6
537,11,537,46,0.004848484848484842,6
538,11,538,43,0.004444444444444439,6
539,11,539,57,0.005959595959595951,6
540,11,540,39,0.004242424242424238,6
541,11,541,45,0.00454545454545454,5
542,11,542,42,0.004242424242424238,6
543,11,543,52,0.005454545454545447,6
544,11,544,33,0.0033333333333333305,5
545,11,545,36,0.003636363636363633,6
546,11,546,46,0.004646464646464641,6
547,11,547,45,0.00454545454545454,6
548,11,548,43,0.00454545454545454,6
549,11,549,55,0.005555555555555548,6
550,12,550,36,0.003636363636363633,5
551,12,551,39,0.003939393939393935,5
552,12,552,40,0.004040404040404036,5
553,12,553,40,0.004040404040404036,5
554,12,554,31,0.003131313131313129,5
555,12,555,34,0.0034343434343434313,5
556,12,556,33,0.0033333333333333305,5
557,12,557,28,0.0028282828282828265,5
558,12,558,30,0.003030303030303028,5
559,12,559,38,0.0038383838383838345,5
560,12,560,33,0.0033333333333333305,5
561,12,561,26,0.002626262626262625,5
562,12,562,28,0.0028282828282828265,5
563,12,563,27,0.0027272727272727258,5
564,12,564,39,0.003939393939393935,5
565,12,565,31,0.003131313131313129,5
566,12,566,34,0.0034343434343434313,5
567,12,567,48,0.004848484848484842,5
568,12,568,32,0.0032323232323232297,5
569,12,569,32,0.0032323232323232297,5
570,12,570,34,0.0034343434343434313,5
571,12,571,42,0.004242424242424238,5
572,12,572,33,0.0033333333333333305,5
573,12,573,33,0.0033333333333333305,5
574,12,574,28,0.0028282828282828265,5
575,12,575,32,0.0032323232323232297,5
576,12,576,27,0.0027272727272727258,5
577,12,577,34,0.0034343434343434313,5
578,12,578,25,0.002525252525252524,5
579,12,579,32,0.0032323232323232297,5
580,12,580,28,0.0028282828282828265,5
581,12,581,39,0.003939393939393935,5
582,12,582,34,0.0034343434343434313,5
583,12,583,27,0.0027272727272727258,5
584,12,584,37,0.0037373737373737337,5
585,12,585,32,0.0032323232323232297,5
586,12,586,35,0.003535353535353532,5
587,12,587,40,0.004040404040404036,5
588,12,588,33,0.0033333333333333305,5
589,12,589,32,0.0032323232323232297,5
590,12,590,25,0.002525252525252524,5
591,12,591,33,0.0033333333333333305,5
592,12,592,43,0.0043434343434343384,5
593,12,593,34,0.0034343434343434313,5
594,12,594,35,0.003535353535353532,5
595,12,595,35,0.003535353535353532,5
596,12,596,27,0.0027272727272727258,5
597,12,597,33,0.0033333333333333305,5
598,12,598,33,0.0033333333333333305,5
599,12,599,40,0.004040404040404036,5
600,13,600,39,0.003939393939393935,5
601,13,601,29,0.0029292929292929273,5
602,13,602,38,0.0038383838383838345,5
603,13,603,41,0.004141414141414137,5
604,13,604,31,0.003131313131313129,5
605,13,605,33,0.0033333333333333305,5
606,13,606,50,0.005050505050505044,5
607,13,607,39,0.003939393939393935,5
608,13,608,35,0.003535353535353532,5
609,13,609,39,0.003939393939393935,5
610,13,610,39,0.003939393939393935,5
611,13,611,27,0.0027272727272727258,5
612,13,612,36,0.003636363636363633,5
613,13,613,42,0.004242424242424238,5
614,13,614,36,0.003636363636363633,5
615,13,615,25,0.002525252525252524,5
616,13,616,36,0.003636363636363633,5
617,13,617,29,0.0029292929292929273,5
618,13,618,36,0.003636363636363633,5
619,13,619,33,0.0033333333333333305,5
620,13,620,26,0.002626262626262625,5
621,13,621,31,0.003131313131313129,5
622,13,622,42,0.004242424242424238,5
623,13,623,34,0.0034343434343434313,5
624,13,624,15,0.0015151515151515152,5
625,13,625,27,0.0027272727272727258,5
626,13,626,32,0.0032323232323232297,5
627,13,627,32,0.0032323232323232297,5
628,13,628,41,0.004141414141414137,5
629,13,629,34,0.0034343434343434313,5
630,13,630,33,0.0033333333333333305,5
631,13,631,31,0.003131313131313129,5
632,13,632,30,0.003030303030303028,5
633,13,633,35,0.003535353535353532,5
634,13,634,36,0.003636363636363633,5
635,13,635,34,0.0034343434343434313,5
636,13,636,38,0.0038383838383838345,5
637,13,637,28,0.0028282828282828265,5
638,13,638,28,0.0028282828282828265,5
639,13,639,40,0.004040404040404036,5
640,13,640,26,0.002626262626262625,5
641,13,641,36,0.003636363636363633,5
642,13,642,40,0.004040404040404036,5
643,13,643,38,0.0038383838383838345,5
644,13,644,37,0.0037373737373737337,5
645,13,645,35,0.003535353535353532,5
646,13,646,40,0.004040404040404036,5
647,13,647,36,0.003636363636363633,5
648,13,648,48,0.004848484848484842,5
649,13,649,35,0.003535353535353532,5
650,14,650,32,0.0032323232323232297,5
651,14,651,29,0.0029292929292929273,5
652,14,652,37,0.0037373737373737337,5
653,14,653,38,0.0038383838383838345,5
654,14,654,24,0.0024242424242424234,5
655,14,655,34,0.0034343434343434313,5
656,14,656,39,0.003939393939393935,5
657,14,657,35,0.003535353535353532,5
658,14,658,47,0.004747474747474742,5
659,14,659,39,0.003939393939393935,5
660,14,660,26,0.002626262626262625,5
661,14,661,37,0.0037373737373737337,5
662,14,662,29,0.0029292929292929273,5
663,14,663,45,0.00454545454545454,5
664,14,664,43,0.0043434343434343384,5
665,14,665,35,0.003535353535353532,5
666,14,666,34,0.0034343434343434313,5
667,14,667,40,0.004040404040404036,5
668,14,668,26,0.002626262626262625,5
669,14,669,41,0.004141414141414137,5
670,14,670,38,0.0038383838383838345,5
671,14,671,29,0.0029292929292929273,5
672,14,672,31,0.003131313131313129,5
673,14,673,38,0.0038383838383838345,5
674,14,674,37,0.0037373737373737337,5
675,14,675,36,0.003636363636363633,5
676,14,676,35,0.003535353535353532,5
677,14,677,33,0.0033333333333333305,5
678,14,678,30,0.003030303030303028,5
679,14,679,30,0.003030303030303028,5
680,14,680,29,0.0029292929292929273,5
681,14,681,37,0.0037373737373737337,5
682,14,682,34,0.0034343434343434313,5
683,14,683,36,0.003636363636363633,5
684,14,684,46,0.004646464646464641,5
685,14,685,31,0.003131313131313129,5
686,14,686,34,0.0034343434343434313,5
687,14,687,31,0.003131313131313129,5
688,14,688,33,0.0033333333333333305,5
689,14,689,35,0.003535353535353532,5
690,14,690,33,0.0033333333333333305,5
691,14,691,30,0.003030303030303028,5
692,14,692,27,0.0027272727272727258,5
693,14,693,34,0.0034343434343434313,5
694,14,694,27,0.0027272727272727258,5
695,14,695,40,0.004040404040404036,5
696,14,696,30,0.003030303030303028,5
697,14,697,35,0.003535353535353532,5
698,14,698,39,0.003939393939393935,5
699,14,699,44,0.004444444444444439,5
700,15,700,33,0.0033333333333333305,5
701,15,701,32,0.0032323232323232297,5
702,15,702,24,0.0024242424242424234,5
703,15,703,28,0.0028282828282828265,5
704,15,704,24,0.0024242424242424234,5
705,15,705,29,0.0029292929292929273,5
706,15,706,20,0.00202020202020202,5
707,15,707,35,0.003535353535353532,5
708,15,708,37,0.0037373737373737337,5
709,15,709,25,0.002525252525252524,5
710,15,710,21,0.002121212121212121,5
711,15,711,27,0.0027272727272727258,5
712,15,712,33,0.0033333333333333305,5
713,15,713,26,0.002626262626262625,5
714,15,714,23,0.0023232323232323226,5
715,15,715,30,0.003030303030303028,5
716,15,716,21,0.002121212121212121,5
717,15,717,24,0.0024242424242424234,5
718,15,718,24,0.0024242424242424234,5
719,15,719,30,0.003030303030303028,5
720,15,720,31,0.003131313131313129,5
721,15,721,24,0.0024242424242424234,5
722,15,722,32,0.0032323232323232297,5
723,15,723,25,0.002525252525252524,5
724,15,724,20,0.00202020202020202,5
725,15,725,21,0.002121212121212121,5
726,15,726,32,0.0032323232323232297,5
727,15,727,24,0.0024242424242424234,5
728,15,728,33,0.0033333333333333305,5
729,15,729,26,0.002626262626262625,5
730,15,730,36,0.003636363636363633,5
731,15,731,27,0.0027272727272727258,5
732,15,732,35,0.003535353535353532,5
733,15,733,26,0.002626262626262625,5
734,15,734,33,0.0033333333333333305,5
735,15,735,27,0.0027272727272727258,5
736,15,736,23,0.0023232323232323226,5
737,15,737,28,0.0028282828282828265,5
738,15,738,24,0.0024242424242424234,5
739,15,739,20,0.00202020202020202,5
740,15,740,25,0.002525252525252524,5
741,15,741,33,0.0033333333333333305,5
742,15,742,23,0.0023232323232323226,5
743,15,743,32,0.0032323232323232297,5
744,15,744,34,0.0034343434343434313,5
745,15,745,33,0.0033333333333333305,5
746,15,746,29,0.0029292929292929273,5
747,15,747,25,0.002525252525252524,5
748,15,748,34,0.0034343434343434313,5
749,15,749,20,0.00202020202020202,5
750,16,750,19,0.0019191919191919192,5
751,16,751,22,0.002222222222222222,5
752,16,752,19,0.0019191919191919192,5
753,16,753,23,0.0023232323232323226,5
754,16,754,13,0.0013131313131313131,5
755,16,755,22,0.002222222222222222,5
756,16,756,22,0.002222222222222222,5
757,16,757,18,0.0018181818181818182,5
758,16,758,14,0.0014141414141414141,5
759,16,759,17,0.0017171717171717172,5
760,16,760,28,0.0028282828282828265,5
761,16,761,16,0.0016161616161616162,5
762,16,762,15,0.0015151515151515152,5
763,16,763,13,0.0013131313131313131,5
764,16,764,24,0.0024242424242424234,5
765,16,765,20,0.00202020202020202,5
766,16,766,13,0.0013131313131313131,5
767,16,767,22,0.002222222222222222,5
768,16,768,27,0.0027272727272727258,5
769,16,769,23,0.0023232323232323226,5
770,16,770,26,0.002626262626262625,5
771,16,771,22,0.002222222222222222,5
772,16,772,21,0.002121212121212121,5
773,16,773,14,0.0014141414141414141,5
774,16,774,18,0.0018181818181818182,5
775,16,775,14,0.0014141414141414141,5
776,16,776,18,0.0018181818181818182,5
777,16,777,23,0.0023232323232323226,5
778,16,778,21,0.002121212121212121,5
779,16,779,28,0.0028282828282828265,5
780,16,780,18,0.0018181818181818182,5
781,16,781,17,0.0017171717171717172,5
782,16,782,15,0.0015151515151515152,5
783,16,783,19,0.0019191919191919192,5
784,16,784,17,0.0017171717171717172,5
785,16,785,23,0.0023232323232323226,5
786,16,786,20,0.00202020202020202,5
787,16,787,21,0.002121212121212121,5
788,16,788,19,0.0019191919191919192,5
789,16,789,20,0.00202020202020202,5
790,16,790,19,0.0019191919191919192,5
791,16,791,17,0.0017171717171717172,5
792,16,792,23,0.0023232323232323226,5
793,16,793,19,0.0019191919191919192,5
794,16,794,20,0.00202020202020202,5
795,16,795,20,0.00202020202020202,5
796,16,796,24,0.0024242424242424234,5
797,16,797,17,0.0017171717171717172,5
798,16,798,13,0.0013131313131313131,5
799,16,799,22,0.002222222222222222,5
800,17,800,24,0.0024242424242424234,5
801,17,801,17,0.0017171717171717172,5
802,17,802,22,0.002222222222222222,5
803,17,803,21,0.002121212121212121,5
804,17,804,22,0.002222222222222222,5
805,17,805,22,0.002222222222222222,5
806,17,806,22,0.002222222222222222,5
807,17,807,26,0.002626262626262625,5
808,17,808,23,0.0023232323232323226,5
809,17,809,16,0.0016161616161616162,5
810,17,810,24,0.0024242424242424234,5
811,17,811,21,0.002121212121212121,5
812,17,812,26,0.002626262626262625,5
813,17,813,25,0.002525252525252524,5
814,17,814,18,0.0018181818181818182,5
815,17,815,21,0.002121212121212121,5
816,17,816,23,0.0023232323232323226,5
817,17,817,21,0.002121212121212121,5
818,17,818,22,0.002222222222222222,5
819,17,819,17,0.0017171717171717172,5
820,17,820,18,0.0018181818181818182,5
821,17,821,20,0.00202020202020202,5
822,17,822,19,0.0019191919191919192,5
823,17,823,20,0.00202020202020202,5
824,17,824,21,0.002121212121212121,5
825,17,825,17,0.0017171717171717172,5
826,17,826,17,0.0017171717171717172,5
827,17,827,18,0.0018181818181818182,5
828,17,828,20,0.00202020202020202,5
829,17,829,18,0.0018181818181818182,5
830,17,830,18,0.0018181818181818182,5
831,17,831,20,0.00202020202020202,5
832,17,832,22,0.002222222222222222,5
833,17,833,18,0.0018181818181818182,5
834,17,834,23,0.0023232323232323226,5
835,17,835,19,0.0019191919191919192,5
836,17,836,22,0.002222222222222222,5
837,17,837,15,0.0015151515151515152,5
838,17,838,19,0.0019191919191919192,5
839,17,839,17,0.0017171717171717172,5
840,17,840,18,0.0018181818181818182,5
841,17,841,19,0.0019191919191919192,5
842,17,842,20,0.00202020202020202,5
843,17,843,25,0.002525252525252524,5
844,17,844,24,0.0024242424242424234,5
845,17,845,22,0.002222222222222222,5
846,17,846,16,0.0016161616161616162,5
847,17,847,22,0.002222222222222222,5
848,17,848,19,0.0019191919191919192,5
849,17,849,22,0.002222222222222222,5
850,18,850,18,0.0018181818181818182,5
851,18,851,26,0.002626262626262625,5
852,18,852,16,0.0016161616161616162,5
853,18,853,23,0.0023232323232323226,5
854,18,854,24,0.0024242424242424234,5
855,18,855,17,0.0017171717171717172,5
856,18,856,20,0.00202020202020202,5
857,18,857,19,0.0019191919191919192,5
858,18,858,18,0.0018181818181818182,5
859,18,859,23,0.0023232323232323226,5
860,18,860,31,0.003131313131313129,5
861,18,861,23,0.0023232323232323226,5
862,18,862,16,0.0016161616161616162,5
863,18,863,14,0.0014141414141414141,5
864,18,864,20,0.00202020202020202,5
865,18,865,21,0.002121212121212121,5
866,18,866,22,0.002222222222222222,5
867,18,867,20,0.00202020202020202,5
868,18,868,20,0.00202020202020202,5
869,18,869,17,0.0017171717171717172,5
870,18,870,22,0.002222222222222222,5
871,18,871,21,0.002121212121212121,5
872,18,872,19,0.0019191919191919192,5
873,18,873,23,0.0023232323232323226,5
874,18,874,29,0.0029292929292929273,5
875,18,875,16,0.0016161616161616162,5
876,18,876,21,0.002121212121212121,5
877,18,877,20,0.00202020202020202,5
878,18,878,21,0.002121212121212121,5
879,18,879,28,0.0028282828282828265,5
880,18,880,21,0.002121212121212121,5
881,18,881,3,0.00030303030303030303,5
882,18,882,19,0.0019191919191919192,5
883,18,883,15,0.0015151515151515152,5
884,18,884,20,0.00202020202020202,5
885,18,885,22,0.002222222222222222,5
886,18,886,24,0.0024242424242424234,5
887,18,887,21,0.002121212121212121,5
888,18,888,23,0.0023232323232323226,5
889,18,889,25,0.002525252525252524,5
890,18,890,19,0.0019191919191919192,5
891,18,891,23,0.0023232323232323226,5
892,18,892,27,0.0027272727272727258,5
893,18,893,21,0.002121212121212121,5
894,18,894,23,0.0023232323232323226,5
895,18,895,10,0.00101010101010101,5
896,18,896,24,0.0024242424242424234,5
897,18,897,18,0.0018181818181818182,5
898,18,898,26,0.002626262626262625,5
899,18,899,24,0.0024242424242424234,5
900,19,900,22,0.002222222222222222,5
901,19,901,21,0.002121212121212121,5
902,19,902,13,0.0013131313131313131,5
903,19,903,11,0.0011111111111111111,5
904,19,904,18,0.0018181818181818182,5
905,19,905,15,0.0015151515151515152,5
906,19,906,18,0.0018181818181818182,5
907,19,907,19,0.0019191919191919192,5
908,19,908,21,0.002121212121212121,5
909,19,909,21,0.002121212121212121,5
910,19,910,9,0.0009090909090909091,5
911,19,911,16,0.0016161616161616162,5
912,19,912,20,0.00202020202020202,5
913,19,913,19,0.0019191919191919192,5
914,19,914,19,0.0019191919191919192,5
915,19,915,20,0.00202020202020202,5
916,19,916,19,0.0019191919191919192,5
917,19,917,20,0.00202020202020202,5
918,19,918,24,0.0024242424242424234,5
919,19,919,14,0.0014141414141414141,5
920,19,920,22,0.002222222222222222,5
921,19,921,16,0.0016161616161616162,5
922,19,922,25,0.002525252525252524,5
923,19,923,25,0.002525252525252524,5
924,19,924,21,0.002121212121212121,5
925,19,925,18,0.0018181818181818182,5
926,19,926,25,0.002525252525252524,5
927,19,927,12,0.0012121212121212121,5
928,19,928,20,0.00202020202020202,5
929,19,929,12,0.0012121212121212121,5
930,19,930,18,0.0018181818181818182,5
931,19,931,19,0.0019191919191919192,5
932,19,932,25,0.002525252525252524,5
933,19,933,23,0.0023232323232323226,5
934,19,934,29,0.0029292929292929273,5
935,19,935,18,0.0018181818181818182,5
936,19,936,26,0.002626262626262625,5
937,19,937,29,0.0029292929292929273,5
938,19,938,21,0.002121212121212121,5
939,19,939,22,0.002222222222222222,5
940,19,940,20,0.00202020202020202,5
941,19,941,25,0.002525252525252524,5
942,19,942,20,0.00202020202020202,5
943,19,943,20,0.00202020202020202,5
944,19,944,17,0.0017171717171717172,5
945,19,945,18,0.0018181818181818182,5
946,19,946,21,0.002121212121212121,5
947,19,947,24,0.0024242424242424234,5
948,19,948,25,0.002525252525252524,5
949,19,949,20,0.00202020202020202,5
950,20,950,13,0.0013131313131313131,5
951,20,951,24,0.0024242424242424234,5
952,20,952,20,0.00202020202020202,5
953,20,953,21,0.002121212121212121,5
954,20,954,18,0.0018181818181818182,5
955,20,955,20,0.00202020202020202,5
956,20,956,24,0.0024242424242424234,5
957,20,957,14,0.0014141414141414141,5
958,20,958,24,0.0024242424242424234,5
959,20,959,25,0.002525252525252524,5
960,20,960,24,0.0024242424242424234,5
961,20,961,24,0.0024242424242424234,5
962,20,962,19,0.0019191919191919192,5
963,20,963,23,0.0023232323232323226,5
964,20,964,17,0.0017171717171717172,5
965,20,965,20,0.00202020202020202,5
966,20,966,27,0.0027272727272727258,5
967,20,967,22,0.002222222222222222,5
968,20,968,22,0.002222222222222222,5
969,20,969,16,0.0016161616161616162,5
970,20,970,19,0.0019191919191919192,5
971,20,971,18,0.0018181818181818182,5
972,20,972,15,0.0015151515151515152,5
973,20,973,17,0.0017171717171717172,5
974,20,974,23,0.0023232323232323226,5
975,20,975,25,0.002525252525252524,5
976,20,976,20,0.00202020202020202,5
977,20,977,25,0.002525252525252524,5
978,20,978,16,0.0016161616161616162,5
979,20,979,23,0.0023232323232323226,5
980,20,980,18,0.0018181818181818182,5
981,20,981,14,0.0014141414141414141,5
982,20,982,20,0.00202020202020202,5
983,20,983,21,0.002121212121212121,5
984,20,984,18,0.0018181818181818182,5
985,20,985,18,0.0018181818181818182,5
986,20,986,24,0.0024242424242424234,5
987,20,987,14,0.0014141414141414141,5
988,20,988,20,0.00202020202020202,5
989,20,989,21,0.002121212121212121,5
990,20,990,13,0.0013131313131313131,5
991,20,991,12,0.0012121212121212121,5
992,20,992,24,0.0024242424242424234,5
993,20,993,19,0.0019191919191919192,5
994,20,994,17,0.0017171717171717172,5
995,20,995,23,0.0023232323232323226,5
996,20,996,19,0.0019191919191919192,5
997,20,997,21,0.002121212121212121,5
998,20,998,22,0.002222222222222222,5
999,20,999,14,0.0014141414141414141,5
1000,21,1000,14,0.0014141414141414141,5
1001,21,1001,22,0.002222222222222222,5
1002,21,1002,21,0.002121212121212121,5
1003,21,1003,17,0.0017171717171717172,5
1004,21,1004,19,0.0019191919191919192,5
1005,21,1005,20,0.00202020202020202,5
1006,21,1006,15,0.0015151515151515152,5
1007,21,1007,15,0.0015151515151515152,5
1008,21,1008,19,0.0019191919191919192,5
1009,21,1009,17,0.0017171717171717172,5
1010,21,1010,25,0.002525252525252524,5
1011,21,1011,22,0.002222222222222222,5
1012,21,1012,21,0.002121212121212121,5
1013,21,1013,26,0.002626262626262625,5
1014,21,1014,19,0.0019191919191919192,5
1015,21,1015,25,0.002525252525252524,5
1016,21,1016,26,0.002626262626262625,5
1017,21,1017,17,0.0017171717171717172,5
1018,21,1018,16,0.0016161616161616162,5
1019,21,1019,20,0.00202020202020202,5
1020,21,1020,18,0.0018181818181818182,5
1021,21,1021,20,0.00202020202020202,5
1022,21,1022,22,0.002222222222222222,5
1023,21,1023,22,0.002222222222222222,5
1024,21,1024,23,0.0023232323232323226,5
1025,21,1025,20,0.00202020202020202,5
1026,21,1026,20,0.00202020202020202,5
1027,21,1027,19,0.0019191919191919192,5
1028,21,1028,22,0.002222222222222222,5
1029,21,1029,21,0.002121212121212121,5
1030,21,1030,22,0.002222222222222222,5
1031,21,1031,22,0.002222222222222222,5
1032,21,1032,24,0.0024242424242424234,5
1033,21,1033,17,0.0017171717171717172,5
1034,21,1034,23,0.0023232323232323226,5
1035,21,1035,18,0.0018181818181818182,5
1036,21,1036,26,0.002626262626262625,5
1037,21,1037,19,0.0019191919191919192,5
1038,21,1038,26,0.002626262626262625,5
1039,21,1039,14,0.0014141414141414141,5
1040,21,1040,20,0.00202020202020202,5
1041,21,1041,20,0.00202020202020202,5
1042,21,1042,24,0.0024242424242424234,5
1043,21,1043,19,0.0019191919191919192,5
1044,21,1044,21,0.002121212121212121,5
1045,21,1045,20,0.00202020202020202,5
1046,21,1046,24,0.0024242424242424234,5
1047,21,1047,16,0.0016161616161616162,5
1048,21,1048,16,0.0016161616161616162,5
1049,21,1049,16,0.0016161616161616162,5
1050,22,1050,18,0.0018181818181818182,5
1051,22,1051,13,0.0013131313131313131,5
1052,22,1052,28,0.0028282828282828265,5
1053,22,1053,21,0.002121212121212121,5
1054,22,1054,21,0.002121212121212121,5
1055,22,1055,19,0.0019191919191919192,5
1056,22,1056,10,0.00101010101010101,5
1057,22,1057,19,0.0019191919191919192,5
1058,22,1058,15,0.0015151515151515152,5
1059,22,1059,26,0.002626262626262625,5
1060,22,1060,22,0.002222222222222222,5
1061,22,1061,20,0.00202020202020202,5
1062,22,1062,24,0.0024242424242424234,5
1063,22,1063,23,0.0023232323232323226,5
1064,22,1064,23,0.0023232323232323226,5
1065,22,1065,22,0.002222222222222222,5
1066,22,1066,26,0.002626262626262625,5
1067,22,1067,29,0.0029292929292929273,5
1068,22,1068,18,0.0018181818181818182,5
1069,22,1069,16,0.0016161616161616162,5
1070,22,1070,19,0.0019191919191919192,5
1071,22,1071,17,0.0017171717171717172,5
1072,22,1072,18,0.0018181818181818182,5
1073,22,1073,20,0.00202020202020202,5
1074,22,1074,25,0.002525252525252524,5
1075,22,1075,17,0.0017171717171717172,5
1076,22,1076,24,0.0024242424242424234,5
1077,22,1077,25,0.002525252525252524,5
1078,22,1078,8,0.0008080808080808081,5
1079,22,1079,20,0.00202020202020202,5
1080,22,1080,27,0.0027272727272727258,5
1081,22,1081,11,0.0011111111111111111,5
1082,22,1082,19,0.0019191919191919192,5
1083,22,1083,19,0.0019191919191919192,5
1084,22,1084,19,0.0019191919191919192,5
1085,22,1085,22,0.002222222222222222,5
1086,22,1086,24,0.0024242424242424234,5
1087,22,1087,21,0.002121212121212121,5
1088,22,1088,19,0.0019191919191919192,5
1089,22,1089,19,0.0019191919191919192,5
1090,22,1090,22,0.002222222222222222,5
1091,22,1091,21,0.002121212121212121,5
1092,22,1092,19,0.0019191919191919192,5
1093,22,1093,15,0.0015151515151515152,5
1094,22,1094,21,0.002121212121212121,5
1095,22,1095,23,0.0023232323232323226,5
1096,22,1096,17,0.0017171717171717172,5
1097,22,1097,20,0.00202020202020202,5
1098,22,1098,31,0.003131313131313129,5
1099,22,1099,23,0.0023232323232323226,5
1100,23,1100,17,0.0017171717171717172,5
1101,23,1101,17,0.0017171717171717172,5
1102,23,1102,20,0.00202020202020202,5
1103,23,1103,12,0.0012121212121212121,5
1104,23,1104,10,0.00101010101010101,5
1105,23,1105,17,0.0017171717171717172,5
1106,23,1106,18,0.0018181818181818182,5
1107,23,1107,16,0.0016161616161616162,5
1108,23,1108,12,0.0012121212121212121,5
1109,23,1109,10,0.00101010101010101,5
1110,23,1110,15,0.0015151515151515152,5
1111,23,1111,13,0.0013131313131313131,5
1112,23,1112,22,0.002222222222222222,5
1113,23,1113,13,0.0013131313131313131,5
1114,23,1114,15,0.0015151515151515152,5
1115,23,1115,8,0.0008080808080808081,5
1116,23,1116,14,0.0014141414141414141,5
1117,23,1117,17,0.0017171717171717172,5
1118,23,1118,12,0.0012121212121212121,5
1119,23,1119,15,0.0015151515151515152,5
1120,23,1120,7,0.0007070707070707071,5
1121,23,1121,16,0.0016161616161616162,5
1122,23,1122,11,0.0011111111111111111,5
1123,23,1123,12,0.0012121212121212121,5
1124,23,1124,12,0.0012121212121212121,5
1125,23,1125,10,0.00101010101010101,5
1126,23,1126,14,0.0014141414141414141,5
1127,23,1127,12,0.0012121212121212121,5
1128,23,1128,23,0.0023232323232323226,5
1129,23,1129,19,0.0019191919191919192,5
1130,23,1130,17,0.0017171717171717172,5
1131,23,1131,22,0.002222222222222222,5
1132,23,1132,17,0.0017171717171717172,5
1133,23,1133,13,0.0013131313131313131,5
1134,23,1134,21,0.002121212121212121,5
1135,23,1135,12,0.0012121212121212121,5
1136,23,1136,10,0.00101010101010101,5
1137,23,1137,11,0.0011111111111111111,5
1138,23,1138,12,0.0012121212121212121,5
1139,23,1139,14,0.0014141414141414141,5
1140,23,1140,16,0.0016161616161616162,5
1141,23,1141,17,0.0017171717171717172,5
1142,23,1142,19,0.0019191919191919192,5
1143,23,1143,12,0.0012121212121212121,5
1144,23,1144,15,0.0015151515151515152,5
1145,23,1145,16,0.0016161616161616162,5
1146,23,1146,16,0.0016161616161616162,5
1147,23,1147,20,0.00202020202020202,5
1148,23,1148,18,0.0018181818181818182,5
1149,23,1149,13,0.0013131313131313131,5
1150,24,1150,8,0.0008080808080808081,5
1151,24,1151,7,0.0007070707070707071,5
1152,24,1152,10,0.00101010101010101,5
1153,24,1153,12,0.0012121212121212121,5
1154,24,1154,7,0.0007070707070707071,5
1155,24,1155,11,0.0011111111111111111,5
1156,24,1156,9,0.0009090909090909091,5
1157,24,1157,11,0.0011111111111111111,5
1158,24,1158,9,0.0009090909090909091,5
1159,24,1159,11,0.0011111111111111111,5
1160,24,1160,9,0.0009090909090909091,5
1161,24,1161,8,0.0008080808080808081,5
1162,24,1162,10,0.00101010101010101,5
1163,24,1163,12,0.0012121212121212121,5
1164,24,1164,12,0.0012121212121212121,5
1165,24,1165,11,0.0011111111111111111,5
1166,24,1166,11,0.0011111111111111111,5
1167,24,1167,13,0.0013131313131313131,5
1168,24,1168,6,0.0006060606060606061,5
1169,24,1169,13,0.0013131313131313131,5
1170,24,1170,10,0.00101010101010101,5
1171,24,1171,8,0.0008080808080808081,5
1172,24,1172,6,0.0006060606060606061,5
1173,24,1173,16,0.0016161616161616162,5
1174,24,1174,8,0.0008080808080808081,5
1175,24,1175,12,0.0012121212121212121,5
1176,24,1176,12,0.0012121212121212121,5
1177,24,1177,10,0.00101010101010101,5
1178,24,1178,12,0.0012121212121212121,5
1179,24,1179,11,0.0011111111111111111,5
1180,24,1180,13,0.0013131313131313131,5
1181,24,1181,9,0.0009090909090909091,5
1182,24,1182,10,0.00101010101010101,5
1183,24,1183,9,0.0009090909090909091,5
1184,24,1184,7,0.0007070707070707071,5
1185,24,1185,13,0.0013131313131313131,5
1186,24,1186,14,0.0014141414141414141,5
1187,24,1187,6,0.0006060606060606061,5
1188,24,1188,15,0.0015151515151515152,5
1189,24,1189,10,0.00101010101010101,5
1190,24,1190,11,0.0011111111111111111,5
1191,24,1191,14,0.0014141414141414141,5
1192,24,1192,7,0.0007070707070707071,5
1193,24,1193,12,0.0012121212121212121,5
1194,24,1194,13,0.0013131313131313131,5
1195,24,1195,12,0.0012121212121212121,5
1196,24,1196,8,0.0008080808080808081,5
1197,24,1197,11,0.0011111111111111111,5
1198,24,1198,11,0.0011111111111111111,5
1199,24,1199,14,0.0014141414141414141,5
1200,25,1200,8,0.0008080808080808081,5
1201,25,1201,15,0.0015151515151515152,5
1202,25,1202,11,0.0011111111111111111,5
1203,25,1203,10,0.00101010101010101,5
1204,25,1204,8,0.0008080808080808081,5
1205,25,1205,10,0.00101010101010101,5
1206,25,1206,12,0.0012121212121212121,5
1207,25,1207,5,0.000505050505050505,5
1208,25,1208,15,0.0015151515151515152,5
1209,25,1209,9,0.0009090909090909091,5
1210,25,1210,9,0.0009090909090909091,5
1211,25,1211,10,0.00101010101010101,5
1212,25,1212,14,0.0014141414141414141,5
1213,25,1213,12,0.0012121212121212121,5
1214,25,1214,11,0.0011111111111111111,5
1215,25,1215,8,0.0008080808080808081,5
1216,25,1216,11,0.0011111111111111111,5
1217,25,1217,11,0.0011111111111111111,5
1218,25,1218,8,0.0008080808080808081,5
1219,25,1219,12,0.0012121212121212121,5
1220,25,1220,12,0.0012121212121212121,5
1221,25,1221,8,0.0008080808080808081,5
1222,25,1222,9,0.0009090909090909091,5
1223,25,1223,15,0.0015151515151515152,5
1224,25,1224,7,0.0007070707070707071,5
1225,25,1225,11,0.0011111111111111111,5
1226,25,1226,13,0.0013131313131313131,5
1227,25,1227,15,0.0015151515151515152,5
1228,25,1228,9,0.0009090909090909091,5
1229,25,1229,10,0.00101010101010101,5
1230,25,1230,11,0.0011111111111111111,5
1231,25,1231,11,0.0011111111111111111,5
1232,25,1232,12,0.0012121212121212121,5
1233,25,1233,13,0.0013131313131313131,5
1234,25,1234,11,0.0011111111111111111,5
1235,25,1235,13,0.0013131313131313131,5
1236,25,1236,11,0.0011111111111111111,5
1237,25,1237,9,0.0009090909090909091,5
1238,25,1238,6,0.0006060606060606061,5
1239,25,1239,11,0.0011111111111111111,5
1240,25,1240,13,0.0013131313131313131,5
1241,25,1241,8,0.0008080808080808081,5
1242,25,1242,10,0.00101010101010101,5
1243,25,1243,9,0.0009090909090909091,5
1244,25,1244,9,0.0009090909090909091,5
1245,25,1245,13,0.0013131313131313131,5
1246,25,1246,14,0.0014141414141414141,5
1247,25,1247,13,0.0013131313131313131,5
1248,25,1248,11,0.0011111111111111111,5
1249,25,1249,12,0.0012121212121212121,5
1250,26,1250,8,0.0008080808080808081,5
1251,26,1251,11,0.0011111111111111111,5
1252,26,1252,8,0.0008080808080808081,5
1253,26,1253,10,0.00101010101010101,5
1254,26,1254,10,0.00101010101010101,5
1255,26,1255,5,0.000505050505050505,5
1256,26,1256,9,0.0009090909090909091,5
1257,26,1257,9,0.0009090909090909091,5
1258,26,1258,12,0.0012121212121212121,5
1259,26,1259,9,0.0009090909090909091,5
1260,26,1260,11,0.0011111111111111111,5
1261,26,1261,10,0.00101010101010101,5
1262,26,1262,9,0.0009090909090909091,5
1263,26,1263,7,0.0007070707070707071,5
1264,26,1264,8,0.0008080808080808081,5
1265,26,1265,11,0.0011111111111111111,5
1266,26,1266,9,0.0009090909090909091,5
1267,26,1267,11,0.0011111111111111111,5
1268,26,1268,10,0.00101010101010101,5
1269,26,1269,6,0.0006060606060606061,5
1270,26,1270,11,0.0011111111111111111,5
1271,26,1271,10,0.00101010101010101,5
1272,26,1272,11,0.0011111111111111111,5
1273,26,1273,9,0.0009090909090909091,5
1274,26,1274,13,0.0013131313131313131,5
1275,26,1275,8,0.0008080808080808081,5
1276,26,1276,8,0.0008080808080808081,5
1277,26,1277,11,0.0011111111111111111,5
1278,26,1278,9,0.0009090909090909091,5
1279,26,1279,11,0.0011111111111111111,5
1280,26,1280,6,0.0006060606060606061,5
1281,26,1281,8,0.0008080808080808081,5
1282,26,1282,12,0.0012121212121212121,5
1283,26,1283,15,0.0015151515151515152,5
1284,26,1284,12,0.0012121212121212121,5
1285,26,1285,10,0.00101010101010101,5
1286,26,1286,10,0.00101010101010101,5
1287,26,1287,11,0.0011111111111111111,5
1288,26,1288,11,0.0011111111111111111,5
1289,26,1289,13,0.0013131313131313131,5
1290,26,1290,10,0.00101010101010101,5
1291,26,1291,11,0.0011111111111111111,5
1292,26,1292,8,0.0008080808080808081,5
1293,26,1293,9,0.0009090909090909091,5
1294,26,1294,11,0.0011111111111111111,5
1295,26,1295,11,0.0011111111111111111,5
1296,26,1296,10,0.00101010101010101,5
1297,26,1297,11,0.0011111111111111111,5
1298,26,1298,11,0.0011111111111111111,5
1299,26,1299,15,0.0015151515151515152,5
1300,27,1300,12,0.0012121212121212121,5
1301,27,1301,8,0.0008080808080808081,5
1302,27,1302,10,0.00101010101010101,5
1303,27,1303,6,0.0006060606060606061,5
1304,27,1304,10,0.00101010101010101,5
1305,27,1305,10,0.00101010101010101,5
1306,27,1306,17,0.0017171717171717172,5
1307,27,1307,8,0.0008080808080808081,5
1308,27,1308,13,0.0013131313131313131,5
1309,27,1309,9,0.0009090909090909091,5
1310,27,1310,11,0.0011111111111111111,5
1311,27,1311,9,0.0009090909090909091,5
1312,27,1312,16,0.0016161616161616162,5
1313,27,1313,9,0.0009090909090909091,5
1314,27,1314,9,0.0009090909090909091,5
1315,27,1315,12,0.0012121212121212121,5
1316,27,1316,11,0.0011111111111111111,5
1317,27,1317,10,0.00101010101010101,5
1318,27,1318,12,0.0012121212121212121,5
1319,27,1319,12,0.0012121212121212121,5
1320,27,1320,10,0.00101010101010101,5
1321,27,1321,10,0.00101010101010101,5
1322,27,1322,10,0.00101010101010101,5
1323,27,1323,8,0.0008080808080808081,5
1324,27,1324,10,0.00101010101010101,5
1325,27,1325,12,0.0012121212121212121,5
1326,27,1326,12,0.0012121212121212121,5
1327,27,1327,11,0.0011111111111111111,5
1328,27,1328,13,0.0013131313131313131,5
1329,27,1329,11,0.0011111111111111111,5
1330,27,1330,11,0.0011111111111111111,5
1331,27,1331,13,0.0013131313131313131,5
1332,27,1332,14,0.0014141414141414141,5
1333,27,1333,8,0.0008080808080808081,5
1334,27,1334,11,0.0011111111111111111,5
1335,27,1335,6,0.0006060606060606061,5
1336,27,1336,15,0.0015151515151515152,5
1337,27,1337,11,0.0011111111111111111,5
1338,27,1338,10,0.00101010101010101,5
1339,27,1339,7,0.0007070707070707071,5
1340,27,1340,7,0.0007070707070707071,5
1341,27,1341,10,0.00101010101010101,5
1342,27,1342,9,0.0009090909090909091,5
1343,27,1343,10,0.00101010101010101,5
1344,27,1344,11,0.0011111111111111111,5
1345,27,1345,8,0.0008080808080808081,5
1346,27,1346,11,0.0011111111111111111,5
1347,27,1347,6,0.0006060606060606061,5
1348,27,1348,11,0.0011111111111111111,5
1349,27,1349,8,0.0008080808080808081,5
1350,28,1350,10,0.00101010101010101,5
1351,28,1351,11,0.0011111111111111111,5
1352,28,1352,10,0.00101010101010101,5
1353,28,1353,12,0.0012121212121212121,5
1354,28,1354,12,0.0012121212121212121,5
1355,28,1355,13,0.0013131313131313131,5
1356,28,1356,13,0.0013131313131313131,5
1357,28,1357,11,0.0011111111111111111,5
1358,28,1358,16,0.0016161616161616162,5
1359,28,1359,10,0.00101010101010101,5
1360,28,1360,8,0.0008080808080808081,5
1361,28,1361,11,0.0011111111111111111,5
1362,28,1362,12,0.0012121212121212121,5
1363,28,1363,13,0.0013131313131313131,5
1364,28,1364,11,0.0011111111111111111,5
1365,28,1365,9,0.0009090909090909091,5
1366,28,1366,10,0.00101010101010101,5
1367,28,1367,9,0.0009090909090909091,5
1368,28,1368,10,0.00101010101010101,5
1369,28,1369,12,0.0012121212121212121,5
1370,28,1370,11,0.0011111111111111111,5
1371,28,1371,9,0.0009090909090909091,5
1372,28,1372,15,0.0015151515151515152,5
1373,28,1373,9,0.0009090909090909091,5
1374,28,1374,7,0.0007070707070707071,5
1375,28,1375,9,0.0009090909090909091,5
1376,28,1376,11,0.0011111111111111111,5
1377,28,1377,9,0.0009090909090909091,5
1378,28,1378,11,0.0011111111111111111,5
1379,28,1379,10,0.00101010101010101,5
1380,28,1380,9,0.0009090909090909091,5
1381,28,1381,8,0.0008080808080808081,5
1382,28,1382,8,0.0008080808080808081,5
1383,28,1383,10,0.00101010101010101,5
1384,28,1384,7,0.0007070707070707071,5
1385,28,1385,11,0.0011111111111111111,5
1386,28,1386,11,0.0011111111111111111,5
1387,28,1387,9,0.0009090909090909091,5
1388,28,1388,13,0.0013131313131313131,5
1389,28,1389,9,0.0009090909090909091,5
1390,28,1390,11,0.0011111111111111111,5
1391,28,1391,11,0.0011111111111111111,5
1392,28,1392,9,0.0009090909090909091,5
1393,28,1393,12,0.0012121212121212121,5
1394,28,1394,8,0.0008080808080808081,5
1395,28,1395,12,0.0012121212121212121,5
1396,28,1396,12,0.0012121212121212121,5
1397,28,1397,12,0.0012121212121212121,5
1398,28,1398,8,0.0008080808080808081,5
1399,28,1399,12,0.0012121212121212121,5
1400,29,1400,11,0.0011111111111111111,5
1401,29,1401,16,0.0016161616161616162,5
1402,29,1402,6,0.0006060606060606061,5
1403,29,1403,13,0.0013131313131313131,5
1404,29,1404,9,0.0009090909090909091,5
1405,29,1405,12,0.0012121212121212121,5
1406,29,1406,8,0.0008080808080808081,5
1407,29,1407,6,0.0006060606060606061,5
1408,29,1408,15,0.0015151515151515152,5
1409,29,1409,13,0.0013131313131313131,5
1410,29,1410,11,0.0011111111111111111,5
1411,29,1411,12,0.0012121212121212121,5
1412,29,1412,9,0.0009090909090909091,5
1413,29,1413,9,0.0009090909090909091,5
1414,29,1414,11,0.0011111111111111111,5
1415,29,1415,8,0.0008080808080808081,5
1416,29,1416,7,0.0007070707070707071,5
1417,29,1417,12,0.0012121212121212121,5
1418,29,1418,8,0.0008080808080808081,5
1419,29,1419,12,0.0012121212121212121,5
1420,29,1420,11,0.0011111111111111111,5
1421,29,1421,11,0.0011111111111111111,5
1422,29,1422,11,0.0011111111111111111,5
1423,29,1423,14,0.0014141414141414141,5
1424,29,1424,9,0.0009090909090909091,5
1425,29,1425,10,0.00101010101010101,5
1426,29,1426,8,0.0008080808080808081,5
1427,29,1427,12,0.0012121212121212121,5
1428,29,1428,16,0.0016161616161616162,5
1429,29,1429,10,0.00101010101010101,5
1430,29,1430,12,0.0012121212121212121,5
1431,29,1431,10,0.00101010101010101,5
1432,29,1432,9,0.0009090909090909091,5
1433,29,1433,12,0.0012121212121212121,5
1434,29,1434,10,0.00101010101010101,5
1435,29,1435,10,0.00101010101010101,5
1436,29,1436,13,0.0013131313131313131,5
1437,29,1437,9,0.0009090909090909091,5
1438,29,1438,10,0.00101010101010101,5
1439,29,1439,14,0.0014141414141414141,5
1440,29,1440,12,0.0012121212121212121,5
1441,29,1441,11,0.0011111111111111111,5
1442,29,1442,14,0.0014141414141414141,5
1443,29,1443,11,0.0011111111111111111,5
1444,29,1444,12,0.0012121212121212121,5
1445,29,1445,11,0.0011111111111111111,5
1446,29,1446,10,0.00101010101010101,5
1447,29,1447,10,0.00101010101010101,5
1448,29,1448,8,0.0008080808080808081,5
1449,29,1449,8,0.0008080808080808081,5
1450,30,1450,11,0.0011111111111111111,5
1451,30,1451,10,0.00101010101010101,5
1452,30,1452,8,0.0008080808080808081,5
1453,30,1453,8,0.0008080808080808081,5
1454,30,1454,12,0.0012121212121212121,5
1455,30,1455,8,0.0008080808080808081,5
1456,30,1456,14,0.0014141414141414141,5
1457,30,1457,10,0.00101010101010101,5
1458,30,1458,13,0.0013131313131313131,5
1459,30,1459,15,0.0015151515151515152,5
1460,30,1460,10,0.00101010101010101,5
1461,30,1461,9,0.0009090909090909091,5
1462,30,1462,11,0.0011111111111111111,5
1463,30,1463,13,0.0013131313131313131,5
1464,30,1464,15,0.0015151515151515152,5
1465,30,1465,14,0.0014141414141414141,5
1466,30,1466,12,0.0012121212121212121,5
1467,30,1467,11,0.0011111111111111111,5
1468,30,1468,9,0.0009090909090909091,5
1469,30,1469,11,0.0011111111111111111,5
1470,30,1470,16,0.0016161616161616162,5
1471,30,1471,11,0.0011111111111111111,5
1472,30,1472,13,0.0013131313131313131,5
1473,30,1473,9,0.0009090909090909091,5
1474,30,1474,13,0.0013131313131313131,5
1475,30,1475,9,0.0009090909090909091,5
1476,30,1476,11,0.0011111111111111111,5
1477,30,1477,8,0.0008080808080808081,5
1478,30,1478,10,0.00101010101010101,5
1479,30,1479,8,0.0008080808080808081,5
1480,30,1480,10,0.00101010101010101,5
1481,30,1481,7,0.0007070707070707071,5
1482,30,1482,9,0.0009090909090909091,5
1483,30,1483,9,0.0009090909090909091,5
1484,30,1484,11,0.0011111111111111111,5
1485,30,1485,9,0.0009090909090909091,5
1486,30,1486,8,0.0008080808080808081,5
1487,30,1487,13,0.0013131313131313131,5
1488,30,1488,12,0.0012121212121212121,5
1489,30,1489,9,0.0009090909090909091,5
1490,30,1490,12,0.0012121212121212121,5
1491,30,1491,9,0.0009090909090909091,5
1492,30,1492,9,0.0009090909090909091,5
1493,30,1493,10,0.00101010101010101,5
1494,30,1494,8,0.0008080808080808081,5
1495,30,1495,10,0.00101010101010101,5
1496,30,1496,12,0.0012121212121212121,5
1497,30,1497,9,0.0009090909090909091,5
1498,30,1498,15,0.0015151515151515152,5
1499,30,1499,12,0.0012121212121212121,5
