,num_firetruck,Run,Extinguished,On Fire,Step
0,1,0,501,0.9270707070704782,130
1,1,1,317,0.5669696969696637,93
2,1,2,404,0.6490909090908312,107
3,1,3,434,0.6633333333332477,128
4,1,4,469,0.8886868686866607,131
5,1,5,454,0.7390909090907823,124
6,1,6,506,0.7298989898988681,124
7,1,7,529,0.9371717171714828,146
8,1,8,516,0.9946464646461991,140
9,1,9,475,0.8835353535351483,132
10,1,10,502,0.9214141414139156,135
11,1,11,493,0.9566666666664217,134
12,1,12,483,0.8041414141412521,125
13,1,13,478,0.9598989898987432,136
14,1,14,497,0.9149494949492727,135
15,1,15,503,0.9273737373735084,133
16,1,16,489,0.9125252525250316,141
17,1,17,535,0.919999999999775,144
18,1,18,480,0.6073737373736822,125
19,1,19,485,0.9382828282825934,133
20,1,20,526,0.9048484848482681,142
21,1,21,522,0.9387878787876436,150
22,1,22,517,0.9472727272724875,128
23,1,23,338,0.626666666666601,94
24,1,24,526,0.9551515151512711,147
25,1,25,421,0.6914141414140406,111
26,1,26,644,0.9801010101007525,175
27,1,27,513,0.9964646464643799,142
28,1,28,517,0.922121212120986,139
29,1,29,365,0.6093939393938831,98
30,1,30,660,0.7962626262624685,187
31,1,31,517,0.858787878787687,134
32,1,32,714,0.858787878787687,191
33,1,33,360,0.6481818181817408,103
34,1,34,338,0.5559595959595687,98
35,1,35,521,0.7051515151514068,138
36,1,36,455,0.9250505050502773,130
37,1,37,538,0.9086868686866498,142
38,1,38,553,0.9758585858583305,152
39,1,39,324,0.5504040404040161,86
40,1,40,468,0.990101010100747,137
41,1,41,594,0.9520202020199596,161
42,1,42,498,0.9557575757573313,135
43,1,43,443,0.674848484848393,124
44,1,44,602,0.9123232323230115,153
45,1,45,487,0.891616161615952,136
46,1,46,343,0.5909090909090446,99
47,1,47,612,0.9481818181815779,166
48,1,48,556,0.9908080808078173,142
49,1,49,528,0.972626262626009,140
50,2,50,61,0.006363636363636354,11
51,2,51,764,0.3662626262626285,102
52,2,52,704,0.5469696969696746,99
53,2,53,788,0.6103030303029735,113
54,2,54,50,0.005454545454545447,9
55,2,55,41,0.004141414141414137,8
56,2,56,28,0.0029292929292929273,6
57,2,57,37,0.0037373737373737337,7
58,2,58,58,0.006161616161616153,11
59,2,59,582,0.4198989898989925,80
60,2,60,87,0.01111111111111112,14
61,2,61,73,0.007878787878787867,11
62,2,62,839,0.4918181818181849,111
63,2,63,124,0.019191919191919253,17
64,2,64,80,0.008484848484848477,13
65,2,65,38,0.004242424242424238,9
66,2,66,235,0.032121212121212266,32
67,2,67,121,0.014444444444444475,17
68,2,68,865,0.5918181818181351,114
69,2,69,678,0.38636363636363874,87
70,2,70,85,0.008585858585858579,14
71,2,71,29,0.0029292929292929273,6
72,2,72,77,0.007878787878787867,13
73,2,73,60,0.006868686868686858,9
74,2,74,257,0.061919191919192255,36
75,2,75,35,0.003636363636363633,7
76,2,76,568,0.12424242424242497,73
77,2,77,62,0.00707070707070706,11
78,2,78,434,0.11040404040404105,55
79,2,79,132,0.016868686868686915,19
80,2,80,280,0.04686868686868711,36
81,2,81,73,0.008484848484848477,12
82,2,82,82,0.008787878787878782,13
83,2,83,904,0.6608080808079966,125
84,2,84,168,0.02393939393939403,24
85,2,85,71,0.008383838383838375,12
86,2,86,47,0.004747474747474742,9
87,2,87,98,0.013333333333333357,16
88,2,88,114,0.013939393939393967,19
89,2,89,62,0.0072727272727272614,11
90,2,90,18,0.0018181818181818182,5
91,2,91,78,0.010000000000000002,12
92,2,92,27,0.0027272727272727258,6
93,2,93,112,0.014848484848484882,18
94,2,94,68,0.007474747474747463,12
95,2,95,75,0.008282828282828274,13
96,2,96,105,0.012121212121212137,15
97,2,97,694,0.38676767676767915,91
98,2,98,24,0.0024242424242424234,5
99,2,99,523,0.13444444444444523,66
100,3,100,88,0.009696969696969697,10
101,3,101,62,0.0062626262626262535,8
102,3,102,26,0.002626262626262625,5
103,3,103,35,0.003535353535353532,6
104,3,104,15,0.0015151515151515152,5
105,3,105,41,0.004141414141414137,7
106,3,106,30,0.003030303030303028,6
107,3,107,59,0.005959595959595951,8
108,3,108,26,0.002626262626262625,5
109,3,109,21,0.002121212121212121,5
110,3,110,38,0.0038383838383838345,6
111,3,111,40,0.004040404040404036,6
112,3,112,29,0.0029292929292929273,6
113,3,113,47,0.004747474747474742,6
114,3,114,27,0.0027272727272727258,5
115,3,115,20,0.00202020202020202,5
116,3,116,34,0.0034343434343434313,6
117,3,117,19,0.0019191919191919192,5
118,3,118,19,0.0019191919191919192,5
119,3,119,64,0.006565656565656556,9
120,3,120,19,0.0019191919191919192,5
121,3,121,25,0.002525252525252524,5
122,3,122,88,0.00929292929292929,12
123,3,123,26,0.002626262626262625,5
124,3,124,29,0.0029292929292929273,5
125,3,125,53,0.0057575757575757495,8
126,3,126,21,0.002121212121212121,5
127,3,127,24,0.0024242424242424234,5
128,3,128,46,0.004848484848484842,7
129,3,129,25,0.002525252525252524,5
130,3,130,89,0.009494949494949494,11
131,3,131,48,0.004848484848484842,7
132,3,132,24,0.0024242424242424234,5
133,3,133,45,0.00454545454545454,7
134,3,134,127,0.01414141414141417,14
135,3,135,21,0.002121212121212121,5
136,3,136,18,0.0018181818181818182,5
137,3,137,39,0.003939393939393935,6
138,3,138,34,0.0034343434343434313,6
139,3,139,656,0.1635353535353545,59
140,3,140,117,0.012626262626262645,14
141,3,141,29,0.0029292929292929273,6
142,3,142,26,0.002626262626262625,5
143,3,143,21,0.002121212121212121,5
144,3,144,27,0.0027272727272727258,5
145,3,145,119,0.01232323232323234,13
146,3,146,17,0.0017171717171717172,5
147,3,147,36,0.003636363636363633,6
148,3,148,23,0.0023232323232323226,5
149,3,149,27,0.0027272727272727258,5
150,4,150,25,0.002525252525252524,5
151,4,151,38,0.0038383838383838345,5
152,4,152,25,0.002525252525252524,5
153,4,153,35,0.003535353535353532,5
154,4,154,22,0.002222222222222222,5
155,4,155,27,0.0027272727272727258,5
156,4,156,31,0.003131313131313129,5
157,4,157,11,0.0011111111111111111,5
158,4,158,17,0.0017171717171717172,5
159,4,159,21,0.002121212121212121,5
160,4,160,17,0.0017171717171717172,5
161,4,161,36,0.003636363636363633,5
162,4,162,27,0.0027272727272727258,5
163,4,163,28,0.0028282828282828265,5
164,4,164,18,0.0018181818181818182,5
165,4,165,25,0.002525252525252524,5
166,4,166,33,0.0033333333333333305,5
167,4,167,28,0.0028282828282828265,5
168,4,168,30,0.003030303030303028,5
169,4,169,24,0.0024242424242424234,5
170,4,170,34,0.0034343434343434313,5
171,4,171,17,0.0017171717171717172,5
172,4,172,25,0.002525252525252524,5
173,4,173,45,0.00454545454545454,6
174,4,174,18,0.0018181818181818182,5
175,4,175,19,0.0019191919191919192,5
176,4,176,41,0.004141414141414137,6
177,4,177,18,0.0018181818181818182,5
178,4,178,36,0.003636363636363633,5
179,4,179,18,0.0018181818181818182,5
180,4,180,26,0.002626262626262625,5
181,4,181,24,0.0024242424242424234,5
182,4,182,26,0.002626262626262625,5
183,4,183,25,0.002525252525252524,5
184,4,184,24,0.0024242424242424234,5
185,4,185,27,0.0027272727272727258,5
186,4,186,25,0.002525252525252524,5
187,4,187,24,0.0024242424242424234,5
188,4,188,24,0.0024242424242424234,5
189,4,189,36,0.003636363636363633,6
190,4,190,24,0.0024242424242424234,5
191,4,191,27,0.0027272727272727258,5
192,4,192,31,0.003131313131313129,5
193,4,193,16,0.0016161616161616162,5
194,4,194,39,0.003939393939393935,5
195,4,195,16,0.0016161616161616162,5
196,4,196,24,0.0024242424242424234,5
197,4,197,22,0.002222222222222222,5
198,4,198,31,0.003131313131313129,5
199,4,199,23,0.0023232323232323226,5
200,5,200,19,0.0019191919191919192,5
201,5,201,27,0.0027272727272727258,5
202,5,202,18,0.0018181818181818182,5
203,5,203,23,0.0023232323232323226,5
204,5,204,33,0.0033333333333333305,5
205,5,205,40,0.004040404040404036,5
206,5,206,11,0.0011111111111111111,5
207,5,207,22,0.002222222222222222,5
208,5,208,17,0.0017171717171717172,5
209,5,209,20,0.00202020202020202,5
210,5,210,15,0.0015151515151515152,5
211,5,211,14,0.0014141414141414141,5
212,5,212,23,0.0023232323232323226,5
213,5,213,23,0.0023232323232323226,5
214,5,214,22,0.002222222222222222,5
215,5,215,19,0.0019191919191919192,5
216,5,216,21,0.002121212121212121,5
217,5,217,30,0.003030303030303028,5
218,5,218,20,0.00202020202020202,5
219,5,219,21,0.002121212121212121,5
220,5,220,26,0.002626262626262625,5
221,5,221,24,0.0024242424242424234,5
222,5,222,24,0.0024242424242424234,5
223,5,223,26,0.002626262626262625,5
224,5,224,22,0.002222222222222222,5
225,5,225,24,0.0024242424242424234,5
226,5,226,33,0.0033333333333333305,5
227,5,227,21,0.002121212121212121,5
228,5,228,31,0.003131313131313129,5
229,5,229,24,0.0024242424242424234,5
230,5,230,13,0.0013131313131313131,5
231,5,231,23,0.0023232323232323226,5
232,5,232,17,0.0017171717171717172,5
233,5,233,23,0.0023232323232323226,5
234,5,234,22,0.002222222222222222,5
235,5,235,14,0.0014141414141414141,5
236,5,236,23,0.0023232323232323226,5
237,5,237,19,0.0019191919191919192,5
238,5,238,21,0.002121212121212121,5
239,5,239,30,0.003030303030303028,5
240,5,240,20,0.00202020202020202,5
241,5,241,20,0.00202020202020202,5
242,5,242,15,0.0015151515151515152,5
243,5,243,32,0.0032323232323232297,5
244,5,244,26,0.002626262626262625,5
245,5,245,27,0.0027272727272727258,5
246,5,246,19,0.0019191919191919192,5
247,5,247,25,0.002525252525252524,5
248,5,248,29,0.0029292929292929273,5
249,5,249,22,0.002222222222222222,5
250,6,250,26,0.002626262626262625,5
251,6,251,31,0.003131313131313129,5
252,6,252,17,0.0017171717171717172,5
253,6,253,25,0.002525252525252524,5
254,6,254,23,0.0023232323232323226,5
255,6,255,17,0.0017171717171717172,5
256,6,256,16,0.0016161616161616162,5
257,6,257,24,0.0024242424242424234,5
258,6,258,30,0.003030303030303028,5
259,6,259,23,0.0023232323232323226,5
260,6,260,18,0.0018181818181818182,5
261,6,261,26,0.002626262626262625,5
262,6,262,18,0.0018181818181818182,5
263,6,263,23,0.0023232323232323226,5
264,6,264,18,0.0018181818181818182,5
265,6,265,22,0.002222222222222222,5
266,6,266,15,0.0015151515151515152,5
267,6,267,12,0.0012121212121212121,5
268,6,268,16,0.0016161616161616162,5
269,6,269,22,0.002222222222222222,5
270,6,270,23,0.0023232323232323226,5
271,6,271,25,0.002525252525252524,5
272,6,272,24,0.0024242424242424234,5
273,6,273,14,0.0014141414141414141,5
274,6,274,24,0.0024242424242424234,5
275,6,275,32,0.0032323232323232297,5
276,6,276,25,0.002525252525252524,5
277,6,277,15,0.0015151515151515152,5
278,6,278,21,0.002121212121212121,5
279,6,279,11,0.0011111111111111111,5
280,6,280,21,0.002121212121212121,5
281,6,281,18,0.0018181818181818182,5
282,6,282,26,0.002626262626262625,5
283,6,283,20,0.00202020202020202,5
284,6,284,19,0.0019191919191919192,5
285,6,285,25,0.002525252525252524,5
286,6,286,29,0.0029292929292929273,5
287,6,287,25,0.002525252525252524,5
288,6,288,18,0.0018181818181818182,5
289,6,289,23,0.0023232323232323226,5
290,6,290,24,0.0024242424242424234,5
291,6,291,16,0.0016161616161616162,5
292,6,292,21,0.002121212121212121,5
293,6,293,21,0.002121212121212121,5
294,6,294,31,0.003131313131313129,5
295,6,295,23,0.0023232323232323226,5
296,6,296,22,0.002222222222222222,5
297,6,297,22,0.002222222222222222,5
298,6,298,19,0.0019191919191919192,5
299,6,299,24,0.0024242424242424234,5
300,7,300,24,0.0024242424242424234,5
301,7,301,15,0.0015151515151515152,5
302,7,302,29,0.0029292929292929273,5
303,7,303,9,0.0009090909090909091,5
304,7,304,21,0.002121212121212121,5
305,7,305,17,0.0017171717171717172,5
306,7,306,20,0.00202020202020202,5
307,7,307,20,0.00202020202020202,5
308,7,308,25,0.002525252525252524,5
309,7,309,31,0.003131313131313129,5
310,7,310,22,0.002222222222222222,5
311,7,311,22,0.002222222222222222,5
312,7,312,19,0.0019191919191919192,5
313,7,313,24,0.0024242424242424234,5
314,7,314,17,0.0017171717171717172,5
315,7,315,20,0.00202020202020202,5
316,7,316,16,0.0016161616161616162,5
317,7,317,22,0.002222222222222222,5
318,7,318,19,0.0019191919191919192,5
319,7,319,21,0.002121212121212121,5
320,7,320,23,0.0023232323232323226,5
321,7,321,28,0.0028282828282828265,5
322,7,322,27,0.0027272727272727258,5
323,7,323,29,0.0029292929292929273,5
324,7,324,28,0.0028282828282828265,5
325,7,325,16,0.0016161616161616162,5
326,7,326,21,0.002121212121212121,5
327,7,327,18,0.0018181818181818182,5
328,7,328,17,0.0017171717171717172,5
329,7,329,17,0.0017171717171717172,5
330,7,330,18,0.0018181818181818182,5
331,7,331,23,0.0023232323232323226,5
332,7,332,21,0.002121212121212121,5
333,7,333,15,0.0015151515151515152,5
334,7,334,15,0.0015151515151515152,5
335,7,335,18,0.0018181818181818182,5
336,7,336,17,0.0017171717171717172,5
337,7,337,23,0.0023232323232323226,5
338,7,338,23,0.0023232323232323226,5
339,7,339,19,0.0019191919191919192,5
340,7,340,18,0.0018181818181818182,5
341,7,341,20,0.00202020202020202,5
342,7,342,26,0.002626262626262625,5
343,7,343,27,0.0027272727272727258,5
344,7,344,28,0.0028282828282828265,5
345,7,345,15,0.0015151515151515152,5
346,7,346,23,0.0023232323232323226,5
347,7,347,25,0.002525252525252524,5
348,7,348,15,0.0015151515151515152,5
349,7,349,30,0.003030303030303028,5
350,8,350,22,0.002222222222222222,5
351,8,351,22,0.002222222222222222,5
352,8,352,23,0.0023232323232323226,5
353,8,353,20,0.00202020202020202,5
354,8,354,16,0.0016161616161616162,5
355,8,355,16,0.0016161616161616162,5
356,8,356,25,0.002525252525252524,5
357,8,357,25,0.002525252525252524,5
358,8,358,23,0.0023232323232323226,5
359,8,359,20,0.00202020202020202,5
360,8,360,29,0.0029292929292929273,5
361,8,361,16,0.0016161616161616162,5
362,8,362,20,0.00202020202020202,5
363,8,363,20,0.00202020202020202,5
364,8,364,19,0.0019191919191919192,5
365,8,365,25,0.002525252525252524,5
366,8,366,22,0.002222222222222222,5
367,8,367,24,0.0024242424242424234,5
368,8,368,24,0.0024242424242424234,5
369,8,369,18,0.0018181818181818182,5
370,8,370,17,0.0017171717171717172,5
371,8,371,16,0.0016161616161616162,5
372,8,372,16,0.0016161616161616162,5
373,8,373,21,0.002121212121212121,5
374,8,374,22,0.002222222222222222,5
375,8,375,24,0.0024242424242424234,5
376,8,376,19,0.0019191919191919192,5
377,8,377,24,0.0024242424242424234,5
378,8,378,18,0.0018181818181818182,5
379,8,379,25,0.002525252525252524,5
380,8,380,17,0.0017171717171717172,5
381,8,381,18,0.0018181818181818182,5
382,8,382,26,0.002626262626262625,5
383,8,383,17,0.0017171717171717172,5
384,8,384,15,0.0015151515151515152,5
385,8,385,15,0.0015151515151515152,5
386,8,386,23,0.0023232323232323226,5
387,8,387,23,0.0023232323232323226,5
388,8,388,23,0.0023232323232323226,5
389,8,389,16,0.0016161616161616162,5
390,8,390,13,0.0013131313131313131,5
391,8,391,23,0.0023232323232323226,5
392,8,392,15,0.0015151515151515152,5
393,8,393,25,0.002525252525252524,5
394,8,394,20,0.00202020202020202,5
395,8,395,27,0.0027272727272727258,5
396,8,396,18,0.0018181818181818182,5
397,8,397,20,0.00202020202020202,5
398,8,398,19,0.0019191919191919192,5
399,8,399,27,0.0027272727272727258,5
400,9,400,17,0.0017171717171717172,5
401,9,401,21,0.002121212121212121,5
402,9,402,19,0.0019191919191919192,5
403,9,403,20,0.00202020202020202,5
404,9,404,24,0.0024242424242424234,5
405,9,405,25,0.002525252525252524,5
406,9,406,17,0.0017171717171717172,5
407,9,407,13,0.0013131313131313131,5
408,9,408,21,0.002121212121212121,5
409,9,409,18,0.0018181818181818182,5
410,9,410,16,0.0016161616161616162,5
411,9,411,21,0.002121212121212121,5
412,9,412,14,0.0014141414141414141,5
413,9,413,19,0.0019191919191919192,5
414,9,414,23,0.0023232323232323226,5
415,9,415,16,0.0016161616161616162,5
416,9,416,23,0.0023232323232323226,5
417,9,417,18,0.0018181818181818182,5
418,9,418,22,0.002222222222222222,5
419,9,419,16,0.0016161616161616162,5
420,9,420,20,0.00202020202020202,5
421,9,421,17,0.0017171717171717172,5
422,9,422,21,0.002121212121212121,5
423,9,423,17,0.0017171717171717172,5
424,9,424,20,0.00202020202020202,5
425,9,425,16,0.0016161616161616162,5
426,9,426,15,0.0015151515151515152,5
427,9,427,17,0.0017171717171717172,5
428,9,428,23,0.0023232323232323226,5
429,9,429,21,0.002121212121212121,5
430,9,430,18,0.0018181818181818182,5
431,9,431,20,0.00202020202020202,5
432,9,432,20,0.00202020202020202,5
433,9,433,20,0.00202020202020202,5
434,9,434,16,0.0016161616161616162,5
435,9,435,22,0.002222222222222222,5
436,9,436,15,0.0015151515151515152,5
437,9,437,17,0.0017171717171717172,5
438,9,438,22,0.002222222222222222,5
439,9,439,18,0.0018181818181818182,5
440,9,440,19,0.0019191919191919192,5
441,9,441,16,0.0016161616161616162,5
442,9,442,22,0.002222222222222222,5
443,9,443,23,0.0023232323232323226,5
444,9,444,22,0.002222222222222222,5
445,9,445,28,0.0028282828282828265,5
446,9,446,23,0.0023232323232323226,5
447,9,447,18,0.0018181818181818182,5
448,9,448,17,0.0017171717171717172,5
449,9,449,14,0.0014141414141414141,5
450,10,450,20,0.00202020202020202,5
451,10,451,23,0.0023232323232323226,5
452,10,452,21,0.002121212121212121,5
453,10,453,18,0.0018181818181818182,5
454,10,454,19,0.0019191919191919192,5
455,10,455,17,0.0017171717171717172,5
456,10,456,17,0.0017171717171717172,5
457,10,457,20,0.00202020202020202,5
458,10,458,23,0.0023232323232323226,5
459,10,459,17,0.0017171717171717172,5
460,10,460,24,0.0024242424242424234,5
461,10,461,21,0.002121212121212121,5
462,10,462,14,0.0014141414141414141,5
463,10,463,23,0.0023232323232323226,5
464,10,464,22,0.002222222222222222,5
465,10,465,20,0.00202020202020202,5
466,10,466,23,0.0023232323232323226,5
467,10,467,21,0.002121212121212121,5
468,10,468,12,0.0012121212121212121,5
469,10,469,13,0.0013131313131313131,5
470,10,470,23,0.0023232323232323226,5
471,10,471,20,0.00202020202020202,5
472,10,472,18,0.0018181818181818182,5
473,10,473,15,0.0015151515151515152,5
474,10,474,16,0.0016161616161616162,5
475,10,475,22,0.002222222222222222,5
476,10,476,21,0.002121212121212121,5
477,10,477,18,0.0018181818181818182,5
478,10,478,20,0.00202020202020202,5
479,10,479,18,0.0018181818181818182,5
480,10,480,16,0.0016161616161616162,5
481,10,481,17,0.0017171717171717172,5
482,10,482,16,0.0016161616161616162,5
483,10,483,20,0.00202020202020202,5
484,10,484,23,0.0023232323232323226,5
485,10,485,27,0.0027272727272727258,5
486,10,486,22,0.002222222222222222,5
487,10,487,18,0.0018181818181818182,5
488,10,488,27,0.0027272727272727258,5
489,10,489,22,0.002222222222222222,5
490,10,490,17,0.0017171717171717172,5
491,10,491,15,0.0015151515151515152,5
492,10,492,24,0.0024242424242424234,5
493,10,493,24,0.0024242424242424234,5
494,10,494,22,0.002222222222222222,5
495,10,495,13,0.0013131313131313131,5
496,10,496,20,0.00202020202020202,5
497,10,497,11,0.0011111111111111111,5
498,10,498,17,0.0017171717171717172,5
499,10,499,23,0.0023232323232323226,5
500,11,500,18,0.0018181818181818182,5
501,11,501,22,0.002222222222222222,5
502,11,502,17,0.0017171717171717172,5
503,11,503,19,0.0019191919191919192,5
504,11,504,20,0.00202020202020202,5
505,11,505,21,0.002121212121212121,5
506,11,506,23,0.0023232323232323226,5
507,11,507,13,0.0013131313131313131,5
508,11,508,23,0.0023232323232323226,5
509,11,509,17,0.0017171717171717172,5
510,11,510,22,0.002222222222222222,5
511,11,511,19,0.0019191919191919192,5
512,11,512,32,0.0032323232323232297,5
513,11,513,18,0.0018181818181818182,5
514,11,514,17,0.0017171717171717172,5
515,11,515,16,0.0016161616161616162,5
516,11,516,26,0.002626262626262625,5
517,11,517,21,0.002121212121212121,5
518,11,518,14,0.0014141414141414141,5
519,11,519,22,0.002222222222222222,5
520,11,520,25,0.002525252525252524,5
521,11,521,15,0.0015151515151515152,5
522,11,522,26,0.002626262626262625,5
523,11,523,18,0.0018181818181818182,5
524,11,524,19,0.0019191919191919192,5
525,11,525,20,0.00202020202020202,5
526,11,526,25,0.002525252525252524,5
527,11,527,19,0.0019191919191919192,5
528,11,528,23,0.0023232323232323226,5
529,11,529,28,0.0028282828282828265,5
530,11,530,20,0.00202020202020202,5
531,11,531,24,0.0024242424242424234,5
532,11,532,18,0.0018181818181818182,5
533,11,533,20,0.00202020202020202,5
534,11,534,29,0.0029292929292929273,5
535,11,535,14,0.0014141414141414141,5
536,11,536,10,0.00101010101010101,5
537,11,537,25,0.002525252525252524,5
538,11,538,13,0.0013131313131313131,5
539,11,539,21,0.002121212121212121,5
540,11,540,26,0.002626262626262625,5
541,11,541,17,0.0017171717171717172,5
542,11,542,20,0.00202020202020202,5
543,11,543,30,0.003030303030303028,5
544,11,544,23,0.0023232323232323226,5
545,11,545,19,0.0019191919191919192,5
546,11,546,10,0.00101010101010101,5
547,11,547,20,0.00202020202020202,5
548,11,548,22,0.002222222222222222,5
549,11,549,14,0.0014141414141414141,5
550,12,550,20,0.00202020202020202,5
551,12,551,18,0.0018181818181818182,5
552,12,552,11,0.0011111111111111111,5
553,12,553,13,0.0013131313131313131,5
554,12,554,17,0.0017171717171717172,5
555,12,555,24,0.0024242424242424234,5
556,12,556,16,0.0016161616161616162,5
557,12,557,18,0.0018181818181818182,5
558,12,558,21,0.002121212121212121,5
559,12,559,22,0.002222222222222222,5
560,12,560,17,0.0017171717171717172,5
561,12,561,17,0.0017171717171717172,5
562,12,562,25,0.002525252525252524,5
563,12,563,27,0.0027272727272727258,5
564,12,564,23,0.0023232323232323226,5
565,12,565,20,0.00202020202020202,5
566,12,566,24,0.0024242424242424234,5
567,12,567,24,0.0024242424242424234,5
568,12,568,25,0.002525252525252524,5
569,12,569,20,0.00202020202020202,5
570,12,570,22,0.002222222222222222,5
571,12,571,24,0.0024242424242424234,5
572,12,572,19,0.0019191919191919192,5
573,12,573,17,0.0017171717171717172,5
574,12,574,20,0.00202020202020202,5
575,12,575,25,0.002525252525252524,5
576,12,576,15,0.0015151515151515152,5
577,12,577,23,0.0023232323232323226,5
578,12,578,18,0.0018181818181818182,5
579,12,579,15,0.0015151515151515152,5
580,12,580,20,0.00202020202020202,5
581,12,581,14,0.0014141414141414141,5
582,12,582,16,0.0016161616161616162,5
583,12,583,21,0.002121212121212121,5
584,12,584,24,0.0024242424242424234,5
585,12,585,24,0.0024242424242424234,5
586,12,586,20,0.00202020202020202,5
587,12,587,22,0.002222222222222222,5
588,12,588,24,0.0024242424242424234,5
589,12,589,21,0.002121212121212121,5
590,12,590,26,0.002626262626262625,5
591,12,591,28,0.0028282828282828265,5
592,12,592,19,0.0019191919191919192,5
593,12,593,17,0.0017171717171717172,5
594,12,594,24,0.0024242424242424234,5
595,12,595,24,0.0024242424242424234,5
596,12,596,16,0.0016161616161616162,5
597,12,597,23,0.0023232323232323226,5
598,12,598,29,0.0029292929292929273,5
599,12,599,16,0.0016161616161616162,5
600,13,600,13,0.0013131313131313131,5
601,13,601,20,0.00202020202020202,5
602,13,602,23,0.0023232323232323226,5
603,13,603,20,0.00202020202020202,5
604,13,604,20,0.00202020202020202,5
605,13,605,17,0.0017171717171717172,5
606,13,606,16,0.0016161616161616162,5
607,13,607,22,0.002222222222222222,5
608,13,608,19,0.0019191919191919192,5
609,13,609,17,0.0017171717171717172,5
610,13,610,18,0.0018181818181818182,5
611,13,611,23,0.0023232323232323226,5
612,13,612,19,0.0019191919191919192,5
613,13,613,17,0.0017171717171717172,5
614,13,614,22,0.002222222222222222,5
615,13,615,24,0.0024242424242424234,5
616,13,616,28,0.0028282828282828265,5
617,13,617,16,0.0016161616161616162,5
618,13,618,19,0.0019191919191919192,5
619,13,619,20,0.00202020202020202,5
620,13,620,16,0.0016161616161616162,5
621,13,621,20,0.00202020202020202,5
622,13,622,20,0.00202020202020202,5
623,13,623,19,0.0019191919191919192,5
624,13,624,19,0.0019191919191919192,5
625,13,625,23,0.0023232323232323226,5
626,13,626,16,0.0016161616161616162,5
627,13,627,22,0.002222222222222222,5
628,13,628,19,0.0019191919191919192,5
629,13,629,19,0.0019191919191919192,5
630,13,630,18,0.0018181818181818182,5
631,13,631,20,0.00202020202020202,5
632,13,632,16,0.0016161616161616162,5
633,13,633,21,0.002121212121212121,5
634,13,634,19,0.0019191919191919192,5
635,13,635,22,0.002222222222222222,5
636,13,636,18,0.0018181818181818182,5
637,13,637,17,0.0017171717171717172,5
638,13,638,21,0.002121212121212121,5
639,13,639,15,0.0015151515151515152,5
640,13,640,20,0.00202020202020202,5
641,13,641,24,0.0024242424242424234,5
642,13,642,23,0.0023232323232323226,5
643,13,643,23,0.0023232323232323226,5
644,13,644,27,0.0027272727272727258,5
645,13,645,14,0.0014141414141414141,5
646,13,646,23,0.0023232323232323226,5
647,13,647,22,0.002222222222222222,5
648,13,648,20,0.00202020202020202,5
649,13,649,21,0.002121212121212121,5
650,14,650,19,0.0019191919191919192,5
651,14,651,17,0.0017171717171717172,5
652,14,652,15,0.0015151515151515152,5
653,14,653,12,0.0012121212121212121,5
654,14,654,24,0.0024242424242424234,5
655,14,655,15,0.0015151515151515152,5
656,14,656,21,0.002121212121212121,5
657,14,657,17,0.0017171717171717172,5
658,14,658,26,0.002626262626262625,5
659,14,659,23,0.0023232323232323226,5
660,14,660,17,0.0017171717171717172,5
661,14,661,19,0.0019191919191919192,5
662,14,662,29,0.0029292929292929273,5
663,14,663,22,0.002222222222222222,5
664,14,664,19,0.0019191919191919192,5
665,14,665,17,0.0017171717171717172,5
666,14,666,22,0.002222222222222222,5
667,14,667,18,0.0018181818181818182,5
668,14,668,14,0.0014141414141414141,5
669,14,669,24,0.0024242424242424234,5
670,14,670,14,0.0014141414141414141,5
671,14,671,21,0.002121212121212121,5
672,14,672,23,0.0023232323232323226,5
673,14,673,25,0.002525252525252524,5
674,14,674,26,0.002626262626262625,5
675,14,675,18,0.0018181818181818182,5
676,14,676,9,0.0009090909090909091,5
677,14,677,21,0.002121212121212121,5
678,14,678,20,0.00202020202020202,5
679,14,679,17,0.0017171717171717172,5
680,14,680,21,0.002121212121212121,5
681,14,681,27,0.0027272727272727258,5
682,14,682,18,0.0018181818181818182,5
683,14,683,18,0.0018181818181818182,5
684,14,684,27,0.0027272727272727258,5
685,14,685,19,0.0019191919191919192,5
686,14,686,17,0.0017171717171717172,5
687,14,687,16,0.0016161616161616162,5
688,14,688,21,0.002121212121212121,5
689,14,689,19,0.0019191919191919192,5
690,14,690,18,0.0018181818181818182,5
691,14,691,24,0.0024242424242424234,5
692,14,692,18,0.0018181818181818182,5
693,14,693,19,0.0019191919191919192,5
694,14,694,16,0.0016161616161616162,5
695,14,695,22,0.002222222222222222,5
696,14,696,24,0.0024242424242424234,5
697,14,697,19,0.0019191919191919192,5
698,14,698,24,0.0024242424242424234,5
699,14,699,15,0.0015151515151515152,5
700,15,700,13,0.0013131313131313131,5
701,15,701,20,0.00202020202020202,5
702,15,702,14,0.0014141414141414141,5
703,15,703,22,0.002222222222222222,5
704,15,704,24,0.0024242424242424234,5
705,15,705,22,0.002222222222222222,5
706,15,706,24,0.0024242424242424234,5
707,15,707,15,0.0015151515151515152,5
708,15,708,24,0.0024242424242424234,5
709,15,709,20,0.00202020202020202,5
710,15,710,16,0.0016161616161616162,5
711,15,711,21,0.002121212121212121,5
712,15,712,19,0.0019191919191919192,5
713,15,713,23,0.0023232323232323226,5
714,15,714,24,0.0024242424242424234,5
715,15,715,22,0.002222222222222222,5
716,15,716,19,0.0019191919191919192,5
717,15,717,17,0.0017171717171717172,5
718,15,718,15,0.0015151515151515152,5
719,15,719,22,0.002222222222222222,5
720,15,720,22,0.002222222222222222,5
721,15,721,12,0.0012121212121212121,5
722,15,722,14,0.0014141414141414141,5
723,15,723,18,0.0018181818181818182,5
724,15,724,24,0.0024242424242424234,5
725,15,725,21,0.002121212121212121,5
726,15,726,17,0.0017171717171717172,5
727,15,727,14,0.0014141414141414141,5
728,15,728,15,0.0015151515151515152,5
729,15,729,19,0.0019191919191919192,5
730,15,730,23,0.0023232323232323226,5
731,15,731,19,0.0019191919191919192,5
732,15,732,18,0.0018181818181818182,5
733,15,733,16,0.0016161616161616162,5
734,15,734,20,0.00202020202020202,5
735,15,735,26,0.002626262626262625,5
736,15,736,25,0.002525252525252524,5
737,15,737,28,0.0028282828282828265,5
738,15,738,23,0.0023232323232323226,5
739,15,739,29,0.0029292929292929273,5
740,15,740,15,0.0015151515151515152,5
741,15,741,22,0.002222222222222222,5
742,15,742,19,0.0019191919191919192,5
743,15,743,15,0.0015151515151515152,5
744,15,744,22,0.002222222222222222,5
745,15,745,22,0.002222222222222222,5
746,15,746,16,0.0016161616161616162,5
747,15,747,19,0.0019191919191919192,5
748,15,748,20,0.00202020202020202,5
749,15,749,19,0.0019191919191919192,5
750,16,750,22,0.002222222222222222,5
751,16,751,19,0.0019191919191919192,5
752,16,752,19,0.0019191919191919192,5
753,16,753,17,0.0017171717171717172,5
754,16,754,18,0.0018181818181818182,5
755,16,755,18,0.0018181818181818182,5
756,16,756,18,0.0018181818181818182,5
757,16,757,20,0.00202020202020202,5
758,16,758,20,0.00202020202020202,5
759,16,759,23,0.0023232323232323226,5
760,16,760,13,0.0013131313131313131,5
761,16,761,21,0.002121212121212121,5
762,16,762,17,0.0017171717171717172,5
763,16,763,23,0.0023232323232323226,5
764,16,764,19,0.0019191919191919192,5
765,16,765,19,0.0019191919191919192,5
766,16,766,17,0.0017171717171717172,5
767,16,767,16,0.0016161616161616162,5
768,16,768,20,0.00202020202020202,5
769,16,769,17,0.0017171717171717172,5
770,16,770,21,0.002121212121212121,5
771,16,771,17,0.0017171717171717172,5
772,16,772,13,0.0013131313131313131,5
773,16,773,21,0.002121212121212121,5
774,16,774,19,0.0019191919191919192,5
775,16,775,23,0.0023232323232323226,5
776,16,776,20,0.00202020202020202,5
777,16,777,26,0.002626262626262625,5
778,16,778,19,0.0019191919191919192,5
779,16,779,18,0.0018181818181818182,5
780,16,780,15,0.0015151515151515152,5
781,16,781,17,0.0017171717171717172,5
782,16,782,20,0.00202020202020202,5
783,16,783,18,0.0018181818181818182,5
784,16,784,22,0.002222222222222222,5
785,16,785,16,0.0016161616161616162,5
786,16,786,17,0.0017171717171717172,5
787,16,787,19,0.0019191919191919192,5
788,16,788,18,0.0018181818181818182,5
789,16,789,10,0.00101010101010101,5
790,16,790,19,0.0019191919191919192,5
791,16,791,26,0.002626262626262625,5
792,16,792,18,0.0018181818181818182,5
793,16,793,18,0.0018181818181818182,5
794,16,794,20,0.00202020202020202,5
795,16,795,14,0.0014141414141414141,5
796,16,796,15,0.0015151515151515152,5
797,16,797,21,0.002121212121212121,5
798,16,798,24,0.0024242424242424234,5
799,16,799,24,0.0024242424242424234,5
800,17,800,10,0.00101010101010101,5
801,17,801,16,0.0016161616161616162,5
802,17,802,26,0.002626262626262625,5
803,17,803,18,0.0018181818181818182,5
804,17,804,25,0.002525252525252524,5
805,17,805,18,0.0018181818181818182,5
806,17,806,21,0.002121212121212121,5
807,17,807,15,0.0015151515151515152,5
808,17,808,20,0.00202020202020202,5
809,17,809,16,0.0016161616161616162,5
810,17,810,20,0.00202020202020202,5
811,17,811,18,0.0018181818181818182,5
812,17,812,15,0.0015151515151515152,5
813,17,813,14,0.0014141414141414141,5
814,17,814,17,0.0017171717171717172,5
815,17,815,27,0.0027272727272727258,5
816,17,816,15,0.0015151515151515152,5
817,17,817,15,0.0015151515151515152,5
818,17,818,19,0.0019191919191919192,5
819,17,819,19,0.0019191919191919192,5
820,17,820,22,0.002222222222222222,5
821,17,821,12,0.0012121212121212121,5
822,17,822,26,0.002626262626262625,5
823,17,823,25,0.002525252525252524,5
824,17,824,17,0.0017171717171717172,5
825,17,825,22,0.002222222222222222,5
826,17,826,28,0.0028282828282828265,5
827,17,827,18,0.0018181818181818182,5
828,17,828,23,0.0023232323232323226,5
829,17,829,25,0.002525252525252524,5
830,17,830,17,0.0017171717171717172,5
831,17,831,22,0.002222222222222222,5
832,17,832,22,0.002222222222222222,5
833,17,833,16,0.0016161616161616162,5
834,17,834,18,0.0018181818181818182,5
835,17,835,25,0.002525252525252524,5
836,17,836,20,0.00202020202020202,5
837,17,837,21,0.002121212121212121,5
838,17,838,17,0.0017171717171717172,5
839,17,839,14,0.0014141414141414141,5
840,17,840,19,0.0019191919191919192,5
841,17,841,22,0.002222222222222222,5
842,17,842,20,0.00202020202020202,5
843,17,843,21,0.002121212121212121,5
844,17,844,24,0.0024242424242424234,5
845,17,845,16,0.0016161616161616162,5
846,17,846,15,0.0015151515151515152,5
847,17,847,16,0.0016161616161616162,5
848,17,848,22,0.002222222222222222,5
849,17,849,22,0.002222222222222222,5
850,18,850,24,0.0024242424242424234,5
851,18,851,21,0.002121212121212121,5
852,18,852,23,0.0023232323232323226,5
853,18,853,26,0.002626262626262625,5
854,18,854,20,0.00202020202020202,5
855,18,855,22,0.002222222222222222,5
856,18,856,29,0.0029292929292929273,5
857,18,857,23,0.0023232323232323226,5
858,18,858,20,0.00202020202020202,5
859,18,859,13,0.0013131313131313131,5
860,18,860,17,0.0017171717171717172,5
861,18,861,24,0.0024242424242424234,5
862,18,862,19,0.0019191919191919192,5
863,18,863,20,0.00202020202020202,5
864,18,864,19,0.0019191919191919192,5
865,18,865,20,0.00202020202020202,5
866,18,866,15,0.0015151515151515152,5
867,18,867,17,0.0017171717171717172,5
868,18,868,18,0.0018181818181818182,5
869,18,869,12,0.0012121212121212121,5
870,18,870,19,0.0019191919191919192,5
871,18,871,17,0.0017171717171717172,5
872,18,872,25,0.002525252525252524,5
873,18,873,20,0.00202020202020202,5
874,18,874,24,0.0024242424242424234,5
875,18,875,23,0.0023232323232323226,5
876,18,876,21,0.002121212121212121,5
877,18,877,17,0.0017171717171717172,5
878,18,878,22,0.002222222222222222,5
879,18,879,19,0.0019191919191919192,5
880,18,880,16,0.0016161616161616162,5
881,18,881,19,0.0019191919191919192,5
882,18,882,13,0.0013131313131313131,5
883,18,883,26,0.002626262626262625,5
884,18,884,10,0.00101010101010101,5
885,18,885,24,0.0024242424242424234,5
886,18,886,23,0.0023232323232323226,5
887,18,887,26,0.002626262626262625,5
888,18,888,21,0.002121212121212121,5
889,18,889,18,0.0018181818181818182,5
890,18,890,17,0.0017171717171717172,5
891,18,891,26,0.002626262626262625,5
892,18,892,16,0.0016161616161616162,5
893,18,893,18,0.0018181818181818182,5
894,18,894,26,0.002626262626262625,5
895,18,895,27,0.0027272727272727258,5
896,18,896,16,0.0016161616161616162,5
897,18,897,17,0.0017171717171717172,5
898,18,898,12,0.0012121212121212121,5
899,18,899,25,0.002525252525252524,5
900,19,900,24,0.0024242424242424234,5
901,19,901,24,0.0024242424242424234,5
902,19,902,20,0.00202020202020202,5
903,19,903,22,0.002222222222222222,5
904,19,904,18,0.0018181818181818182,5
905,19,905,20,0.00202020202020202,5
906,19,906,20,0.00202020202020202,5
907,19,907,18,0.0018181818181818182,5
908,19,908,21,0.002121212121212121,5
909,19,909,18,0.0018181818181818182,5
910,19,910,20,0.00202020202020202,5
911,19,911,20,0.00202020202020202,5
912,19,912,20,0.00202020202020202,5
913,19,913,20,0.00202020202020202,5
914,19,914,23,0.0023232323232323226,5
915,19,915,25,0.002525252525252524,5
916,19,916,19,0.0019191919191919192,5
917,19,917,14,0.0014141414141414141,5
918,19,918,22,0.002222222222222222,5
919,19,919,16,0.0016161616161616162,5
920,19,920,19,0.0019191919191919192,5
921,19,921,19,0.0019191919191919192,5
922,19,922,23,0.0023232323232323226,5
923,19,923,16,0.0016161616161616162,5
924,19,924,24,0.0024242424242424234,5
925,19,925,22,0.002222222222222222,5
926,19,926,21,0.002121212121212121,5
927,19,927,11,0.0011111111111111111,5
928,19,928,21,0.002121212121212121,5
929,19,929,24,0.0024242424242424234,5
930,19,930,23,0.0023232323232323226,5
931,19,931,20,0.00202020202020202,5
932,19,932,21,0.002121212121212121,5
933,19,933,24,0.0024242424242424234,5
934,19,934,26,0.002626262626262625,5
935,19,935,17,0.0017171717171717172,5
936,19,936,20,0.00202020202020202,5
937,19,937,22,0.002222222222222222,5
938,19,938,20,0.00202020202020202,5
939,19,939,21,0.002121212121212121,5
940,19,940,20,0.00202020202020202,5
941,19,941,15,0.0015151515151515152,5
942,19,942,14,0.0014141414141414141,5
943,19,943,18,0.0018181818181818182,5
944,19,944,19,0.0019191919191919192,5
945,19,945,18,0.0018181818181818182,5
946,19,946,20,0.00202020202020202,5
947,19,947,20,0.00202020202020202,5
948,19,948,31,0.003131313131313129,5
949,19,949,14,0.0014141414141414141,5
950,20,950,20,0.00202020202020202,5
951,20,951,13,0.0013131313131313131,5
952,20,952,23,0.0023232323232323226,5
953,20,953,17,0.0017171717171717172,5
954,20,954,26,0.002626262626262625,5
955,20,955,15,0.0015151515151515152,5
956,20,956,23,0.0023232323232323226,5
957,20,957,17,0.0017171717171717172,5
958,20,958,28,0.0028282828282828265,5
959,20,959,18,0.0018181818181818182,5
960,20,960,19,0.0019191919191919192,5
961,20,961,24,0.0024242424242424234,5
962,20,962,17,0.0017171717171717172,5
963,20,963,17,0.0017171717171717172,5
964,20,964,18,0.0018181818181818182,5
965,20,965,20,0.00202020202020202,5
966,20,966,20,0.00202020202020202,5
967,20,967,23,0.0023232323232323226,5
968,20,968,21,0.002121212121212121,5
969,20,969,17,0.0017171717171717172,5
970,20,970,23,0.0023232323232323226,5
971,20,971,18,0.0018181818181818182,5
972,20,972,22,0.002222222222222222,5
973,20,973,15,0.0015151515151515152,5
974,20,974,25,0.002525252525252524,5
975,20,975,26,0.002626262626262625,5
976,20,976,17,0.0017171717171717172,5
977,20,977,21,0.002121212121212121,5
978,20,978,20,0.00202020202020202,5
979,20,979,19,0.0019191919191919192,5
980,20,980,20,0.00202020202020202,5
981,20,981,19,0.0019191919191919192,5
982,20,982,25,0.002525252525252524,5
983,20,983,18,0.0018181818181818182,5
984,20,984,23,0.0023232323232323226,5
985,20,985,23,0.0023232323232323226,5
986,20,986,19,0.0019191919191919192,5
987,20,987,24,0.0024242424242424234,5
988,20,988,18,0.0018181818181818182,5
989,20,989,20,0.00202020202020202,5
990,20,990,16,0.0016161616161616162,5
991,20,991,20,0.00202020202020202,5
992,20,992,22,0.002222222222222222,5
993,20,993,20,0.00202020202020202,5
994,20,994,21,0.002121212121212121,5
995,20,995,24,0.0024242424242424234,5
996,20,996,18,0.0018181818181818182,5
997,20,997,28,0.0028282828282828265,5
998,20,998,19,0.0019191919191919192,5
999,20,999,24,0.0024242424242424234,5
1000,21,1000,22,0.002222222222222222,5
1001,21,1001,16,0.0016161616161616162,5
1002,21,1002,24,0.0024242424242424234,5
1003,21,1003,16,0.0016161616161616162,5
1004,21,1004,18,0.0018181818181818182,5
1005,21,1005,19,0.0019191919191919192,5
1006,21,1006,19,0.0019191919191919192,5
1007,21,1007,18,0.0018181818181818182,5
1008,21,1008,21,0.002121212121212121,5
1009,21,1009,24,0.0024242424242424234,5
1010,21,1010,19,0.0019191919191919192,5
1011,21,1011,16,0.0016161616161616162,5
1012,21,1012,17,0.0017171717171717172,5
1013,21,1013,20,0.00202020202020202,5
1014,21,1014,24,0.0024242424242424234,5
1015,21,1015,17,0.0017171717171717172,5
1016,21,1016,22,0.002222222222222222,5
1017,21,1017,20,0.00202020202020202,5
1018,21,1018,18,0.0018181818181818182,5
1019,21,1019,15,0.0015151515151515152,5
1020,21,1020,17,0.0017171717171717172,5
1021,21,1021,22,0.002222222222222222,5
1022,21,1022,8,0.0008080808080808081,5
1023,21,1023,18,0.0018181818181818182,5
1024,21,1024,19,0.0019191919191919192,5
1025,21,1025,22,0.002222222222222222,5
1026,21,1026,17,0.0017171717171717172,5
1027,21,1027,25,0.002525252525252524,5
1028,21,1028,17,0.0017171717171717172,5
1029,21,1029,17,0.0017171717171717172,5
1030,21,1030,22,0.002222222222222222,5
1031,21,1031,22,0.002222222222222222,5
1032,21,1032,31,0.003131313131313129,5
1033,21,1033,27,0.0027272727272727258,5
1034,21,1034,24,0.0024242424242424234,5
1035,21,1035,23,0.0023232323232323226,5
1036,21,1036,17,0.0017171717171717172,5
1037,21,1037,18,0.0018181818181818182,5
1038,21,1038,25,0.002525252525252524,5
1039,21,1039,15,0.0015151515151515152,5
1040,21,1040,20,0.00202020202020202,5
1041,21,1041,19,0.0019191919191919192,5
1042,21,1042,15,0.0015151515151515152,5
1043,21,1043,18,0.0018181818181818182,5
1044,21,1044,16,0.0016161616161616162,5
1045,21,1045,23,0.0023232323232323226,5
1046,21,1046,16,0.0016161616161616162,5
1047,21,1047,23,0.0023232323232323226,5
1048,21,1048,25,0.002525252525252524,5
1049,21,1049,28,0.0028282828282828265,5
1050,22,1050,19,0.0019191919191919192,5
1051,22,1051,22,0.002222222222222222,5
1052,22,1052,14,0.0014141414141414141,5
1053,22,1053,15,0.0015151515151515152,5
1054,22,1054,22,0.002222222222222222,5
1055,22,1055,22,0.002222222222222222,5
1056,22,1056,19,0.0019191919191919192,5
1057,22,1057,19,0.0019191919191919192,5
1058,22,1058,19,0.0019191919191919192,5
1059,22,1059,19,0.0019191919191919192,5
1060,22,1060,18,0.0018181818181818182,5
1061,22,1061,22,0.002222222222222222,5
1062,22,1062,19,0.0019191919191919192,5
1063,22,1063,21,0.002121212121212121,5
1064,22,1064,15,0.0015151515151515152,5
1065,22,1065,16,0.0016161616161616162,5
1066,22,1066,21,0.002121212121212121,5
1067,22,1067,23,0.0023232323232323226,5
1068,22,1068,20,0.00202020202020202,5
1069,22,1069,21,0.002121212121212121,5
1070,22,1070,20,0.00202020202020202,5
1071,22,1071,19,0.0019191919191919192,5
1072,22,1072,10,0.00101010101010101,5
1073,22,1073,14,0.0014141414141414141,5
1074,22,1074,14,0.0014141414141414141,5
1075,22,1075,20,0.00202020202020202,5
1076,22,1076,16,0.0016161616161616162,5
1077,22,1077,18,0.0018181818181818182,5
1078,22,1078,19,0.0019191919191919192,5
1079,22,1079,17,0.0017171717171717172,5
1080,22,1080,23,0.0023232323232323226,5
1081,22,1081,18,0.0018181818181818182,5
1082,22,1082,17,0.0017171717171717172,5
1083,22,1083,21,0.002121212121212121,5
1084,22,1084,11,0.0011111111111111111,5
1085,22,1085,20,0.00202020202020202,5
1086,22,1086,22,0.002222222222222222,5
1087,22,1087,21,0.002121212121212121,5
1088,22,1088,22,0.002222222222222222,5
1089,22,1089,23,0.0023232323232323226,5
1090,22,1090,18,0.0018181818181818182,5
1091,22,1091,17,0.0017171717171717172,5
1092,22,1092,15,0.0015151515151515152,5
1093,22,1093,21,0.002121212121212121,5
1094,22,1094,21,0.002121212121212121,5
1095,22,1095,17,0.0017171717171717172,5
1096,22,1096,20,0.00202020202020202,5
1097,22,1097,24,0.0024242424242424234,5
1098,22,1098,23,0.0023232323232323226,5
1099,22,1099,17,0.0017171717171717172,5
1100,23,1100,17,0.0017171717171717172,5
1101,23,1101,17,0.0017171717171717172,5
1102,23,1102,29,0.0029292929292929273,5
1103,23,1103,10,0.00101010101010101,5
1104,23,1104,19,0.0019191919191919192,5
1105,23,1105,19,0.0019191919191919192,5
1106,23,1106,15,0.0015151515151515152,5
1107,23,1107,16,0.0016161616161616162,5
1108,23,1108,24,0.0024242424242424234,5
1109,23,1109,22,0.002222222222222222,5
1110,23,1110,18,0.0018181818181818182,5
1111,23,1111,23,0.0023232323232323226,5
1112,23,1112,28,0.0028282828282828265,5
1113,23,1113,24,0.0024242424242424234,5
1114,23,1114,19,0.0019191919191919192,5
1115,23,1115,25,0.002525252525252524,5
1116,23,1116,21,0.002121212121212121,5
1117,23,1117,22,0.002222222222222222,5
1118,23,1118,27,0.0027272727272727258,5
1119,23,1119,13,0.0013131313131313131,5
1120,23,1120,16,0.0016161616161616162,5
1121,23,1121,23,0.0023232323232323226,5
1122,23,1122,18,0.0018181818181818182,5
1123,23,1123,20,0.00202020202020202,5
1124,23,1124,23,0.0023232323232323226,5
1125,23,1125,19,0.0019191919191919192,5
1126,23,1126,22,0.002222222222222222,5
1127,23,1127,19,0.0019191919191919192,5
1128,23,1128,20,0.00202020202020202,5
1129,23,1129,24,0.0024242424242424234,5
1130,23,1130,20,0.00202020202020202,5
1131,23,1131,24,0.0024242424242424234,5
1132,23,1132,23,0.0023232323232323226,5
1133,23,1133,21,0.002121212121212121,5
1134,23,1134,18,0.0018181818181818182,5
1135,23,1135,17,0.0017171717171717172,5
1136,23,1136,24,0.0024242424242424234,5
1137,23,1137,28,0.0028282828282828265,5
1138,23,1138,17,0.0017171717171717172,5
1139,23,1139,20,0.00202020202020202,5
1140,23,1140,18,0.0018181818181818182,5
1141,23,1141,23,0.0023232323232323226,5
1142,23,1142,18,0.0018181818181818182,5
1143,23,1143,27,0.0027272727272727258,5
1144,23,1144,22,0.002222222222222222,5
1145,23,1145,18,0.0018181818181818182,5
1146,23,1146,23,0.0023232323232323226,5
1147,23,1147,22,0.002222222222222222,5
1148,23,1148,20,0.00202020202020202,5
1149,23,1149,24,0.0024242424242424234,5
1150,24,1150,14,0.0014141414141414141,5
1151,24,1151,24,0.0024242424242424234,5
1152,24,1152,31,0.003131313131313129,5
1153,24,1153,18,0.0018181818181818182,5
1154,24,1154,21,0.002121212121212121,5
1155,24,1155,20,0.00202020202020202,5
1156,24,1156,19,0.0019191919191919192,5
1157,24,1157,23,0.0023232323232323226,5
1158,24,1158,16,0.0016161616161616162,5
1159,24,1159,19,0.0019191919191919192,5
1160,24,1160,20,0.00202020202020202,5
1161,24,1161,22,0.002222222222222222,5
1162,24,1162,14,0.0014141414141414141,5
1163,24,1163,18,0.0018181818181818182,5
1164,24,1164,22,0.002222222222222222,5
1165,24,1165,19,0.0019191919191919192,5
1166,24,1166,18,0.0018181818181818182,5
1167,24,1167,18,0.0018181818181818182,5
1168,24,1168,23,0.0023232323232323226,5
1169,24,1169,18,0.0018181818181818182,5
1170,24,1170,19,0.0019191919191919192,5
1171,24,1171,16,0.0016161616161616162,5
1172,24,1172,15,0.0015151515151515152,5
1173,24,1173,19,0.0019191919191919192,5
1174,24,1174,16,0.0016161616161616162,5
1175,24,1175,21,0.002121212121212121,5
1176,24,1176,29,0.0029292929292929273,5
1177,24,1177,26,0.002626262626262625,5
1178,24,1178,15,0.0015151515151515152,5
1179,24,1179,20,0.00202020202020202,5
1180,24,1180,19,0.0019191919191919192,5
1181,24,1181,27,0.0027272727272727258,5
1182,24,1182,16,0.0016161616161616162,5
1183,24,1183,19,0.0019191919191919192,5
1184,24,1184,25,0.002525252525252524,5
1185,24,1185,20,0.00202020202020202,5
1186,24,1186,18,0.0018181818181818182,5
1187,24,1187,17,0.0017171717171717172,5
1188,24,1188,22,0.002222222222222222,5
1189,24,1189,24,0.0024242424242424234,5
1190,24,1190,22,0.002222222222222222,5
1191,24,1191,18,0.0018181818181818182,5
1192,24,1192,18,0.0018181818181818182,5
1193,24,1193,19,0.0019191919191919192,5
1194,24,1194,14,0.0014141414141414141,5
1195,24,1195,24,0.0024242424242424234,5
1196,24,1196,16,0.0016161616161616162,5
1197,24,1197,21,0.002121212121212121,5
1198,24,1198,19,0.0019191919191919192,5
1199,24,1199,18,0.0018181818181818182,5
1200,25,1200,17,0.0017171717171717172,5
1201,25,1201,21,0.002121212121212121,5
1202,25,1202,16,0.0016161616161616162,5
1203,25,1203,19,0.0019191919191919192,5
1204,25,1204,22,0.002222222222222222,5
1205,25,1205,16,0.0016161616161616162,5
1206,25,1206,22,0.002222222222222222,5
1207,25,1207,13,0.0013131313131313131,5
1208,25,1208,22,0.002222222222222222,5
1209,25,1209,27,0.0027272727272727258,5
1210,25,1210,17,0.0017171717171717172,5
1211,25,1211,24,0.0024242424242424234,5
1212,25,1212,21,0.002121212121212121,5
1213,25,1213,14,0.0014141414141414141,5
1214,25,1214,24,0.0024242424242424234,5
1215,25,1215,31,0.003131313131313129,5
1216,25,1216,30,0.003030303030303028,5
1217,25,1217,13,0.0013131313131313131,5
1218,25,1218,28,0.0028282828282828265,5
1219,25,1219,18,0.0018181818181818182,5
1220,25,1220,25,0.002525252525252524,5
1221,25,1221,18,0.0018181818181818182,5
1222,25,1222,17,0.0017171717171717172,5
1223,25,1223,18,0.0018181818181818182,5
1224,25,1224,21,0.002121212121212121,5
1225,25,1225,21,0.002121212121212121,5
1226,25,1226,16,0.0016161616161616162,5
1227,25,1227,13,0.0013131313131313131,5
1228,25,1228,12,0.0012121212121212121,5
1229,25,1229,20,0.00202020202020202,5
1230,25,1230,17,0.0017171717171717172,5
1231,25,1231,22,0.002222222222222222,5
1232,25,1232,20,0.00202020202020202,5
1233,25,1233,12,0.0012121212121212121,5
1234,25,1234,17,0.0017171717171717172,5
1235,25,1235,20,0.00202020202020202,5
1236,25,1236,24,0.0024242424242424234,5
1237,25,1237,16,0.0016161616161616162,5
1238,25,1238,17,0.0017171717171717172,5
1239,25,1239,25,0.002525252525252524,5
1240,25,1240,25,0.002525252525252524,5
1241,25,1241,21,0.002121212121212121,5
1242,25,1242,18,0.0018181818181818182,5
1243,25,1243,26,0.002626262626262625,5
1244,25,1244,18,0.0018181818181818182,5
1245,25,1245,16,0.0016161616161616162,5
1246,25,1246,16,0.0016161616161616162,5
1247,25,1247,22,0.002222222222222222,5
1248,25,1248,24,0.0024242424242424234,5
1249,25,1249,22,0.002222222222222222,5
1250,26,1250,14,0.0014141414141414141,5
1251,26,1251,15,0.0015151515151515152,5
1252,26,1252,18,0.0018181818181818182,5
1253,26,1253,22,0.002222222222222222,5
1254,26,1254,23,0.0023232323232323226,5
1255,26,1255,17,0.0017171717171717172,5
1256,26,1256,17,0.0017171717171717172,5
1257,26,1257,24,0.0024242424242424234,5
1258,26,1258,19,0.0019191919191919192,5
1259,26,1259,25,0.002525252525252524,5
1260,26,1260,16,0.0016161616161616162,5
1261,26,1261,21,0.002121212121212121,5
1262,26,1262,24,0.0024242424242424234,5
1263,26,1263,24,0.0024242424242424234,5
1264,26,1264,24,0.0024242424242424234,5
1265,26,1265,19,0.0019191919191919192,5
1266,26,1266,16,0.0016161616161616162,5
1267,26,1267,11,0.0011111111111111111,5
1268,26,1268,17,0.0017171717171717172,5
1269,26,1269,25,0.002525252525252524,5
1270,26,1270,22,0.002222222222222222,5
1271,26,1271,22,0.002222222222222222,5
1272,26,1272,14,0.0014141414141414141,5
1273,26,1273,19,0.0019191919191919192,5
1274,26,1274,19,0.0019191919191919192,5
1275,26,1275,24,0.0024242424242424234,5
1276,26,1276,17,0.0017171717171717172,5
1277,26,1277,13,0.0013131313131313131,5
1278,26,1278,16,0.0016161616161616162,5
1279,26,1279,18,0.0018181818181818182,5
1280,26,1280,22,0.002222222222222222,5
1281,26,1281,20,0.00202020202020202,5
1282,26,1282,15,0.0015151515151515152,5
1283,26,1283,17,0.0017171717171717172,5
1284,26,1284,21,0.002121212121212121,5
1285,26,1285,27,0.0027272727272727258,5
1286,26,1286,19,0.0019191919191919192,5
1287,26,1287,24,0.0024242424242424234,5
1288,26,1288,24,0.0024242424242424234,5
1289,26,1289,21,0.002121212121212121,5
1290,26,1290,22,0.002222222222222222,5
1291,26,1291,21,0.002121212121212121,5
1292,26,1292,23,0.0023232323232323226,5
1293,26,1293,13,0.0013131313131313131,5
1294,26,1294,15,0.0015151515151515152,5
1295,26,1295,26,0.002626262626262625,5
1296,26,1296,19,0.0019191919191919192,5
1297,26,1297,14,0.0014141414141414141,5
1298,26,1298,18,0.0018181818181818182,5
1299,26,1299,19,0.0019191919191919192,5
1300,27,1300,21,0.002121212121212121,5
1301,27,1301,14,0.0014141414141414141,5
1302,27,1302,20,0.00202020202020202,5
1303,27,1303,20,0.00202020202020202,5
1304,27,1304,20,0.00202020202020202,5
1305,27,1305,12,0.0012121212121212121,5
1306,27,1306,17,0.0017171717171717172,5
1307,27,1307,20,0.00202020202020202,5
1308,27,1308,18,0.0018181818181818182,5
1309,27,1309,21,0.002121212121212121,5
1310,27,1310,22,0.002222222222222222,5
1311,27,1311,25,0.002525252525252524,5
1312,27,1312,20,0.00202020202020202,5
1313,27,1313,26,0.002626262626262625,5
1314,27,1314,23,0.0023232323232323226,5
1315,27,1315,28,0.0028282828282828265,5
1316,27,1316,19,0.0019191919191919192,5
1317,27,1317,24,0.0024242424242424234,5
1318,27,1318,20,0.00202020202020202,5
1319,27,1319,14,0.0014141414141414141,5
1320,27,1320,25,0.002525252525252524,5
1321,27,1321,20,0.00202020202020202,5
1322,27,1322,18,0.0018181818181818182,5
1323,27,1323,21,0.002121212121212121,5
1324,27,1324,20,0.00202020202020202,5
1325,27,1325,20,0.00202020202020202,5
1326,27,1326,20,0.00202020202020202,5
1327,27,1327,24,0.0024242424242424234,5
1328,27,1328,21,0.002121212121212121,5
1329,27,1329,22,0.002222222222222222,5
1330,27,1330,15,0.0015151515151515152,5
1331,27,1331,22,0.002222222222222222,5
1332,27,1332,22,0.002222222222222222,5
1333,27,1333,19,0.0019191919191919192,5
1334,27,1334,22,0.002222222222222222,5
1335,27,1335,23,0.0023232323232323226,5
1336,27,1336,18,0.0018181818181818182,5
1337,27,1337,23,0.0023232323232323226,5
1338,27,1338,18,0.0018181818181818182,5
1339,27,1339,25,0.002525252525252524,5
1340,27,1340,20,0.00202020202020202,5
1341,27,1341,23,0.0023232323232323226,5
1342,27,1342,12,0.0012121212121212121,5
1343,27,1343,20,0.00202020202020202,5
1344,27,1344,18,0.0018181818181818182,5
1345,27,1345,22,0.002222222222222222,5
1346,27,1346,15,0.0015151515151515152,5
1347,27,1347,19,0.0019191919191919192,5
1348,27,1348,29,0.0029292929292929273,5
1349,27,1349,18,0.0018181818181818182,5
1350,28,1350,17,0.0017171717171717172,5
1351,28,1351,18,0.0018181818181818182,5
1352,28,1352,13,0.0013131313131313131,5
1353,28,1353,22,0.002222222222222222,5
1354,28,1354,25,0.002525252525252524,5
1355,28,1355,20,0.00202020202020202,5
1356,28,1356,17,0.0017171717171717172,5
1357,28,1357,19,0.0019191919191919192,5
1358,28,1358,16,0.0016161616161616162,5
1359,28,1359,17,0.0017171717171717172,5
1360,28,1360,18,0.0018181818181818182,5
1361,28,1361,13,0.0013131313131313131,5
1362,28,1362,13,0.0013131313131313131,5
1363,28,1363,12,0.0012121212121212121,5
1364,28,1364,25,0.002525252525252524,5
1365,28,1365,18,0.0018181818181818182,5
1366,28,1366,17,0.0017171717171717172,5
1367,28,1367,26,0.002626262626262625,5
1368,28,1368,17,0.0017171717171717172,5
1369,28,1369,23,0.0023232323232323226,5
1370,28,1370,17,0.0017171717171717172,5
1371,28,1371,23,0.0023232323232323226,5
1372,28,1372,14,0.0014141414141414141,5
1373,28,1373,18,0.0018181818181818182,5
1374,28,1374,22,0.002222222222222222,5
1375,28,1375,17,0.0017171717171717172,5
1376,28,1376,26,0.002626262626262625,5
1377,28,1377,19,0.0019191919191919192,5
1378,28,1378,19,0.0019191919191919192,5
1379,28,1379,23,0.0023232323232323226,5
1380,28,1380,13,0.0013131313131313131,5
1381,28,1381,24,0.0024242424242424234,5
1382,28,1382,27,0.0027272727272727258,5
1383,28,1383,16,0.0016161616161616162,5
1384,28,1384,25,0.002525252525252524,5
1385,28,1385,16,0.0016161616161616162,5
1386,28,1386,24,0.0024242424242424234,5
1387,28,1387,20,0.00202020202020202,5
1388,28,1388,22,0.002222222222222222,5
1389,28,1389,19,0.0019191919191919192,5
1390,28,1390,17,0.0017171717171717172,5
1391,28,1391,22,0.002222222222222222,5
1392,28,1392,21,0.002121212121212121,5
1393,28,1393,24,0.0024242424242424234,5
1394,28,1394,19,0.0019191919191919192,5
1395,28,1395,19,0.0019191919191919192,5
1396,28,1396,20,0.00202020202020202,5
1397,28,1397,24,0.0024242424242424234,5
1398,28,1398,15,0.0015151515151515152,5
1399,28,1399,20,0.00202020202020202,5
1400,29,1400,14,0.0014141414141414141,5
1401,29,1401,19,0.0019191919191919192,5
1402,29,1402,18,0.0018181818181818182,5
1403,29,1403,28,0.0028282828282828265,5
1404,29,1404,19,0.0019191919191919192,5
1405,29,1405,28,0.0028282828282828265,5
1406,29,1406,23,0.0023232323232323226,5
1407,29,1407,16,0.0016161616161616162,5
1408,29,1408,23,0.0023232323232323226,5
1409,29,1409,26,0.002626262626262625,5
1410,29,1410,19,0.0019191919191919192,5
1411,29,1411,27,0.0027272727272727258,5
1412,29,1412,18,0.0018181818181818182,5
1413,29,1413,20,0.00202020202020202,5
1414,29,1414,19,0.0019191919191919192,5
1415,29,1415,33,0.0033333333333333305,5
1416,29,1416,21,0.002121212121212121,5
1417,29,1417,25,0.002525252525252524,5
1418,29,1418,14,0.0014141414141414141,5
1419,29,1419,23,0.0023232323232323226,5
1420,29,1420,20,0.00202020202020202,5
1421,29,1421,11,0.0011111111111111111,5
1422,29,1422,21,0.002121212121212121,5
1423,29,1423,17,0.0017171717171717172,5
1424,29,1424,19,0.0019191919191919192,5
1425,29,1425,20,0.00202020202020202,5
1426,29,1426,27,0.0027272727272727258,5
1427,29,1427,23,0.0023232323232323226,5
1428,29,1428,20,0.00202020202020202,5
1429,29,1429,18,0.0018181818181818182,5
1430,29,1430,17,0.0017171717171717172,5
1431,29,1431,14,0.0014141414141414141,5
1432,29,1432,10,0.00101010101010101,5
1433,29,1433,23,0.0023232323232323226,5
1434,29,1434,20,0.00202020202020202,5
1435,29,1435,25,0.002525252525252524,5
1436,29,1436,25,0.002525252525252524,5
1437,29,1437,18,0.0018181818181818182,5
1438,29,1438,22,0.002222222222222222,5
1439,29,1439,24,0.0024242424242424234,5
1440,29,1440,26,0.002626262626262625,5
1441,29,1441,21,0.002121212121212121,5
1442,29,1442,21,0.002121212121212121,5
1443,29,1443,21,0.002121212121212121,5
1444,29,1444,14,0.0014141414141414141,5
1445,29,1445,18,0.0018181818181818182,5
1446,29,1446,19,0.0019191919191919192,5
1447,29,1447,21,0.002121212121212121,5
1448,29,1448,25,0.002525252525252524,5
1449,29,1449,19,0.0019191919191919192,5
1450,30,1450,17,0.0017171717171717172,5
1451,30,1451,24,0.0024242424242424234,5
1452,30,1452,17,0.0017171717171717172,5
1453,30,1453,24,0.0024242424242424234,5
1454,30,1454,27,0.0027272727272727258,5
1455,30,1455,18,0.0018181818181818182,5
1456,30,1456,20,0.00202020202020202,5
1457,30,1457,25,0.002525252525252524,5
1458,30,1458,19,0.0019191919191919192,5
1459,30,1459,25,0.002525252525252524,5
1460,30,1460,16,0.0016161616161616162,5
1461,30,1461,17,0.0017171717171717172,5
1462,30,1462,22,0.002222222222222222,5
1463,30,1463,12,0.0012121212121212121,5
1464,30,1464,19,0.0019191919191919192,5
1465,30,1465,19,0.0019191919191919192,5
1466,30,1466,19,0.0019191919191919192,5
1467,30,1467,15,0.0015151515151515152,5
1468,30,1468,19,0.0019191919191919192,5
1469,30,1469,20,0.00202020202020202,5
1470,30,1470,22,0.002222222222222222,5
1471,30,1471,17,0.0017171717171717172,5
1472,30,1472,27,0.0027272727272727258,5
1473,30,1473,28,0.0028282828282828265,5
1474,30,1474,20,0.00202020202020202,5
1475,30,1475,26,0.002626262626262625,5
1476,30,1476,23,0.0023232323232323226,5
1477,30,1477,20,0.00202020202020202,5
1478,30,1478,22,0.002222222222222222,5
1479,30,1479,14,0.0014141414141414141,5
1480,30,1480,20,0.00202020202020202,5
1481,30,1481,28,0.0028282828282828265,5
1482,30,1482,22,0.002222222222222222,5
1483,30,1483,17,0.0017171717171717172,5
1484,30,1484,20,0.00202020202020202,5
1485,30,1485,19,0.0019191919191919192,5
1486,30,1486,20,0.00202020202020202,5
1487,30,1487,23,0.0023232323232323226,5
1488,30,1488,19,0.0019191919191919192,5
1489,30,1489,24,0.0024242424242424234,5
1490,30,1490,21,0.002121212121212121,5
1491,30,1491,19,0.0019191919191919192,5
1492,30,1492,17,0.0017171717171717172,5
1493,30,1493,12,0.0012121212121212121,5
1494,30,1494,25,0.002525252525252524,5
1495,30,1495,20,0.00202020202020202,5
1496,30,1496,17,0.0017171717171717172,5
1497,30,1497,27,0.0027272727272727258,5
1498,30,1498,20,0.00202020202020202,5
1499,30,1499,22,0.002222222222222222,5
1500,31,1500,23,0.0023232323232323226,5
1501,31,1501,18,0.0018181818181818182,5
1502,31,1502,20,0.00202020202020202,5
1503,31,1503,26,0.002626262626262625,5
1504,31,1504,22,0.002222222222222222,5
1505,31,1505,24,0.0024242424242424234,5
1506,31,1506,23,0.0023232323232323226,5
1507,31,1507,13,0.0013131313131313131,5
1508,31,1508,18,0.0018181818181818182,5
1509,31,1509,18,0.0018181818181818182,5
1510,31,1510,16,0.0016161616161616162,5
1511,31,1511,16,0.0016161616161616162,5
1512,31,1512,32,0.0032323232323232297,5
1513,31,1513,20,0.00202020202020202,5
1514,31,1514,30,0.003030303030303028,5
1515,31,1515,20,0.00202020202020202,5
1516,31,1516,18,0.0018181818181818182,5
1517,31,1517,22,0.002222222222222222,5
1518,31,1518,17,0.0017171717171717172,5
1519,31,1519,26,0.002626262626262625,5
1520,31,1520,26,0.002626262626262625,5
1521,31,1521,15,0.0015151515151515152,5
1522,31,1522,15,0.0015151515151515152,5
1523,31,1523,22,0.002222222222222222,5
1524,31,1524,19,0.0019191919191919192,5
1525,31,1525,20,0.00202020202020202,5
1526,31,1526,23,0.0023232323232323226,5
1527,31,1527,11,0.0011111111111111111,5
1528,31,1528,17,0.0017171717171717172,5
1529,31,1529,22,0.002222222222222222,5
1530,31,1530,19,0.0019191919191919192,5
1531,31,1531,15,0.0015151515151515152,5
1532,31,1532,21,0.002121212121212121,5
1533,31,1533,23,0.0023232323232323226,5
1534,31,1534,17,0.0017171717171717172,5
1535,31,1535,28,0.0028282828282828265,5
1536,31,1536,22,0.002222222222222222,5
1537,31,1537,22,0.002222222222222222,5
1538,31,1538,22,0.002222222222222222,5
1539,31,1539,18,0.0018181818181818182,5
1540,31,1540,16,0.0016161616161616162,5
1541,31,1541,26,0.002626262626262625,5
1542,31,1542,22,0.002222222222222222,5
1543,31,1543,19,0.0019191919191919192,5
1544,31,1544,24,0.0024242424242424234,5
1545,31,1545,22,0.002222222222222222,5
1546,31,1546,27,0.0027272727272727258,5
1547,31,1547,14,0.0014141414141414141,5
1548,31,1548,23,0.0023232323232323226,5
1549,31,1549,23,0.0023232323232323226,5
1550,32,1550,23,0.0023232323232323226,5
1551,32,1551,10,0.00101010101010101,5
1552,32,1552,17,0.0017171717171717172,5
1553,32,1553,22,0.002222222222222222,5
1554,32,1554,26,0.002626262626262625,5
1555,32,1555,17,0.0017171717171717172,5
1556,32,1556,23,0.0023232323232323226,5
1557,32,1557,22,0.002222222222222222,5
1558,32,1558,20,0.00202020202020202,5
1559,32,1559,23,0.0023232323232323226,5
1560,32,1560,21,0.002121212121212121,5
1561,32,1561,19,0.0019191919191919192,5
1562,32,1562,19,0.0019191919191919192,5
1563,32,1563,15,0.0015151515151515152,5
1564,32,1564,24,0.0024242424242424234,5
1565,32,1565,21,0.002121212121212121,5
1566,32,1566,19,0.0019191919191919192,5
1567,32,1567,24,0.0024242424242424234,5
1568,32,1568,22,0.002222222222222222,5
1569,32,1569,23,0.0023232323232323226,5
1570,32,1570,17,0.0017171717171717172,5
1571,32,1571,19,0.0019191919191919192,5
1572,32,1572,22,0.002222222222222222,5
1573,32,1573,16,0.0016161616161616162,5
1574,32,1574,22,0.002222222222222222,5
1575,32,1575,20,0.00202020202020202,5
1576,32,1576,17,0.0017171717171717172,5
1577,32,1577,17,0.0017171717171717172,5
1578,32,1578,19,0.0019191919191919192,5
1579,32,1579,19,0.0019191919191919192,5
1580,32,1580,22,0.002222222222222222,5
1581,32,1581,24,0.0024242424242424234,5
1582,32,1582,15,0.0015151515151515152,5
1583,32,1583,20,0.00202020202020202,5
1584,32,1584,18,0.0018181818181818182,5
1585,32,1585,26,0.002626262626262625,5
1586,32,1586,26,0.002626262626262625,5
1587,32,1587,26,0.002626262626262625,5
1588,32,1588,21,0.002121212121212121,5
1589,32,1589,22,0.002222222222222222,5
1590,32,1590,7,0.0007070707070707071,5
1591,32,1591,18,0.0018181818181818182,5
1592,32,1592,22,0.002222222222222222,5
1593,32,1593,23,0.0023232323232323226,5
1594,32,1594,27,0.0027272727272727258,5
1595,32,1595,20,0.00202020202020202,5
1596,32,1596,17,0.0017171717171717172,5
1597,32,1597,18,0.0018181818181818182,5
1598,32,1598,13,0.0013131313131313131,5
1599,32,1599,25,0.002525252525252524,5
1600,33,1600,16,0.0016161616161616162,5
1601,33,1601,18,0.0018181818181818182,5
1602,33,1602,12,0.0012121212121212121,5
1603,33,1603,18,0.0018181818181818182,5
1604,33,1604,18,0.0018181818181818182,5
1605,33,1605,12,0.0012121212121212121,5
1606,33,1606,16,0.0016161616161616162,5
1607,33,1607,27,0.0027272727272727258,5
1608,33,1608,16,0.0016161616161616162,5
1609,33,1609,23,0.0023232323232323226,5
1610,33,1610,21,0.002121212121212121,5
1611,33,1611,23,0.0023232323232323226,5
1612,33,1612,16,0.0016161616161616162,5
1613,33,1613,27,0.0027272727272727258,5
1614,33,1614,18,0.0018181818181818182,5
1615,33,1615,16,0.0016161616161616162,5
1616,33,1616,22,0.002222222222222222,5
1617,33,1617,17,0.0017171717171717172,5
1618,33,1618,20,0.00202020202020202,5
1619,33,1619,21,0.002121212121212121,5
1620,33,1620,18,0.0018181818181818182,5
1621,33,1621,26,0.002626262626262625,5
1622,33,1622,25,0.002525252525252524,5
1623,33,1623,26,0.002626262626262625,5
1624,33,1624,24,0.0024242424242424234,5
1625,33,1625,25,0.002525252525252524,5
1626,33,1626,24,0.0024242424242424234,5
1627,33,1627,17,0.0017171717171717172,5
1628,33,1628,23,0.0023232323232323226,5
1629,33,1629,22,0.002222222222222222,5
1630,33,1630,16,0.0016161616161616162,5
1631,33,1631,25,0.002525252525252524,5
1632,33,1632,24,0.0024242424242424234,5
1633,33,1633,23,0.0023232323232323226,5
1634,33,1634,16,0.0016161616161616162,5
1635,33,1635,21,0.002121212121212121,5
1636,33,1636,22,0.002222222222222222,5
1637,33,1637,17,0.0017171717171717172,5
1638,33,1638,10,0.00101010101010101,5
1639,33,1639,20,0.00202020202020202,5
1640,33,1640,16,0.0016161616161616162,5
1641,33,1641,15,0.0015151515151515152,5
1642,33,1642,26,0.002626262626262625,5
1643,33,1643,23,0.0023232323232323226,5
1644,33,1644,18,0.0018181818181818182,5
1645,33,1645,28,0.0028282828282828265,5
1646,33,1646,19,0.0019191919191919192,5
1647,33,1647,21,0.002121212121212121,5
1648,33,1648,27,0.0027272727272727258,5
1649,33,1649,20,0.00202020202020202,5
1650,34,1650,22,0.002222222222222222,5
1651,34,1651,18,0.0018181818181818182,5
1652,34,1652,17,0.0017171717171717172,5
1653,34,1653,20,0.00202020202020202,5
1654,34,1654,23,0.0023232323232323226,5
1655,34,1655,25,0.002525252525252524,5
1656,34,1656,19,0.0019191919191919192,5
1657,34,1657,15,0.0015151515151515152,5
1658,34,1658,19,0.0019191919191919192,5
1659,34,1659,22,0.002222222222222222,5
1660,34,1660,24,0.0024242424242424234,5
1661,34,1661,21,0.002121212121212121,5
1662,34,1662,28,0.0028282828282828265,5
1663,34,1663,18,0.0018181818181818182,5
1664,34,1664,21,0.002121212121212121,5
1665,34,1665,19,0.0019191919191919192,5
1666,34,1666,23,0.0023232323232323226,5
1667,34,1667,17,0.0017171717171717172,5
1668,34,1668,22,0.002222222222222222,5
1669,34,1669,14,0.0014141414141414141,5
1670,34,1670,23,0.0023232323232323226,5
1671,34,1671,20,0.00202020202020202,5
1672,34,1672,28,0.0028282828282828265,5
1673,34,1673,19,0.0019191919191919192,5
1674,34,1674,24,0.0024242424242424234,5
1675,34,1675,21,0.002121212121212121,5
1676,34,1676,27,0.0027272727272727258,5
1677,34,1677,16,0.0016161616161616162,5
1678,34,1678,17,0.0017171717171717172,5
1679,34,1679,23,0.0023232323232323226,5
1680,34,1680,10,0.00101010101010101,5
1681,34,1681,15,0.0015151515151515152,5
1682,34,1682,11,0.0011111111111111111,5
1683,34,1683,20,0.00202020202020202,5
1684,34,1684,15,0.0015151515151515152,5
1685,34,1685,18,0.0018181818181818182,5
1686,34,1686,17,0.0017171717171717172,5
1687,34,1687,21,0.002121212121212121,5
1688,34,1688,22,0.002222222222222222,5
1689,34,1689,19,0.0019191919191919192,5
1690,34,1690,18,0.0018181818181818182,5
1691,34,1691,23,0.0023232323232323226,5
1692,34,1692,16,0.0016161616161616162,5
1693,34,1693,17,0.0017171717171717172,5
1694,34,1694,14,0.0014141414141414141,5
1695,34,1695,13,0.0013131313131313131,5
1696,34,1696,17,0.0017171717171717172,5
1697,34,1697,21,0.002121212121212121,5
1698,34,1698,19,0.0019191919191919192,5
1699,34,1699,19,0.0019191919191919192,5
1700,35,1700,15,0.0015151515151515152,5
1701,35,1701,23,0.0023232323232323226,5
1702,35,1702,28,0.0028282828282828265,5
1703,35,1703,18,0.0018181818181818182,5
1704,35,1704,18,0.0018181818181818182,5
1705,35,1705,19,0.0019191919191919192,5
1706,35,1706,14,0.0014141414141414141,5
1707,35,1707,20,0.00202020202020202,5
1708,35,1708,18,0.0018181818181818182,5
1709,35,1709,22,0.002222222222222222,5
1710,35,1710,21,0.002121212121212121,5
1711,35,1711,21,0.002121212121212121,5
1712,35,1712,23,0.0023232323232323226,5
1713,35,1713,19,0.0019191919191919192,5
1714,35,1714,16,0.0016161616161616162,5
1715,35,1715,25,0.002525252525252524,5
1716,35,1716,22,0.002222222222222222,5
1717,35,1717,16,0.0016161616161616162,5
1718,35,1718,26,0.002626262626262625,5
1719,35,1719,19,0.0019191919191919192,5
1720,35,1720,18,0.0018181818181818182,5
1721,35,1721,21,0.002121212121212121,5
1722,35,1722,19,0.0019191919191919192,5
1723,35,1723,19,0.0019191919191919192,5
1724,35,1724,19,0.0019191919191919192,5
1725,35,1725,21,0.002121212121212121,5
1726,35,1726,17,0.0017171717171717172,5
1727,35,1727,25,0.002525252525252524,5
1728,35,1728,16,0.0016161616161616162,5
1729,35,1729,20,0.00202020202020202,5
1730,35,1730,22,0.002222222222222222,5
1731,35,1731,23,0.0023232323232323226,5
1732,35,1732,15,0.0015151515151515152,5
1733,35,1733,15,0.0015151515151515152,5
1734,35,1734,17,0.0017171717171717172,5
1735,35,1735,8,0.0008080808080808081,5
1736,35,1736,21,0.002121212121212121,5
1737,35,1737,27,0.0027272727272727258,5
1738,35,1738,14,0.0014141414141414141,5
1739,35,1739,21,0.002121212121212121,5
1740,35,1740,19,0.0019191919191919192,5
1741,35,1741,16,0.0016161616161616162,5
1742,35,1742,20,0.00202020202020202,5
1743,35,1743,18,0.0018181818181818182,5
1744,35,1744,23,0.0023232323232323226,5
1745,35,1745,17,0.0017171717171717172,5
1746,35,1746,15,0.0015151515151515152,5
1747,35,1747,13,0.0013131313131313131,5
1748,35,1748,21,0.002121212121212121,5
1749,35,1749,14,0.0014141414141414141,5
1750,36,1750,19,0.0019191919191919192,5
1751,36,1751,18,0.0018181818181818182,5
1752,36,1752,22,0.002222222222222222,5
1753,36,1753,26,0.002626262626262625,5
1754,36,1754,24,0.0024242424242424234,5
1755,36,1755,20,0.00202020202020202,5
1756,36,1756,16,0.0016161616161616162,5
1757,36,1757,24,0.0024242424242424234,5
1758,36,1758,21,0.002121212121212121,5
1759,36,1759,21,0.002121212121212121,5
1760,36,1760,19,0.0019191919191919192,5
1761,36,1761,22,0.002222222222222222,5
1762,36,1762,22,0.002222222222222222,5
1763,36,1763,22,0.002222222222222222,5
1764,36,1764,13,0.0013131313131313131,5
1765,36,1765,23,0.0023232323232323226,5
1766,36,1766,19,0.0019191919191919192,5
1767,36,1767,19,0.0019191919191919192,5
1768,36,1768,20,0.00202020202020202,5
1769,36,1769,21,0.002121212121212121,5
1770,36,1770,22,0.002222222222222222,5
1771,36,1771,26,0.002626262626262625,5
1772,36,1772,20,0.00202020202020202,5
1773,36,1773,22,0.002222222222222222,5
1774,36,1774,24,0.0024242424242424234,5
1775,36,1775,21,0.002121212121212121,5
1776,36,1776,14,0.0014141414141414141,5
1777,36,1777,19,0.0019191919191919192,5
1778,36,1778,16,0.0016161616161616162,5
1779,36,1779,19,0.0019191919191919192,5
1780,36,1780,24,0.0024242424242424234,5
1781,36,1781,24,0.0024242424242424234,5
1782,36,1782,18,0.0018181818181818182,5
1783,36,1783,20,0.00202020202020202,5
1784,36,1784,19,0.0019191919191919192,5
1785,36,1785,18,0.0018181818181818182,5
1786,36,1786,19,0.0019191919191919192,5
1787,36,1787,22,0.002222222222222222,5
1788,36,1788,25,0.002525252525252524,5
1789,36,1789,20,0.00202020202020202,5
1790,36,1790,19,0.0019191919191919192,5
1791,36,1791,32,0.0032323232323232297,5
1792,36,1792,20,0.00202020202020202,5
1793,36,1793,21,0.002121212121212121,5
1794,36,1794,24,0.0024242424242424234,5
1795,36,1795,21,0.002121212121212121,5
1796,36,1796,18,0.0018181818181818182,5
1797,36,1797,17,0.0017171717171717172,5
1798,36,1798,28,0.0028282828282828265,5
1799,36,1799,16,0.0016161616161616162,5
1800,37,1800,22,0.002222222222222222,5
1801,37,1801,21,0.002121212121212121,5
1802,37,1802,24,0.0024242424242424234,5
1803,37,1803,17,0.0017171717171717172,5
1804,37,1804,17,0.0017171717171717172,5
1805,37,1805,25,0.002525252525252524,5
1806,37,1806,23,0.0023232323232323226,5
1807,37,1807,23,0.0023232323232323226,5
1808,37,1808,17,0.0017171717171717172,5
1809,37,1809,22,0.002222222222222222,5
1810,37,1810,19,0.0019191919191919192,5
1811,37,1811,23,0.0023232323232323226,5
1812,37,1812,19,0.0019191919191919192,5
1813,37,1813,17,0.0017171717171717172,5
1814,37,1814,21,0.002121212121212121,5
1815,37,1815,21,0.002121212121212121,5
1816,37,1816,18,0.0018181818181818182,5
1817,37,1817,27,0.0027272727272727258,5
1818,37,1818,17,0.0017171717171717172,5
1819,37,1819,18,0.0018181818181818182,5
1820,37,1820,24,0.0024242424242424234,5
1821,37,1821,19,0.0019191919191919192,5
1822,37,1822,22,0.002222222222222222,5
1823,37,1823,20,0.00202020202020202,5
1824,37,1824,20,0.00202020202020202,5
1825,37,1825,17,0.0017171717171717172,5
1826,37,1826,20,0.00202020202020202,5
1827,37,1827,22,0.002222222222222222,5
1828,37,1828,24,0.0024242424242424234,5
1829,37,1829,22,0.002222222222222222,5
1830,37,1830,27,0.0027272727272727258,5
1831,37,1831,18,0.0018181818181818182,5
1832,37,1832,10,0.00101010101010101,5
1833,37,1833,18,0.0018181818181818182,5
1834,37,1834,23,0.0023232323232323226,5
1835,37,1835,20,0.00202020202020202,5
1836,37,1836,16,0.0016161616161616162,5
1837,37,1837,18,0.0018181818181818182,5
1838,37,1838,18,0.0018181818181818182,5
1839,37,1839,22,0.002222222222222222,5
1840,37,1840,18,0.0018181818181818182,5
1841,37,1841,18,0.0018181818181818182,5
1842,37,1842,17,0.0017171717171717172,5
1843,37,1843,24,0.0024242424242424234,5
1844,37,1844,14,0.0014141414141414141,5
1845,37,1845,18,0.0018181818181818182,5
1846,37,1846,17,0.0017171717171717172,5
1847,37,1847,25,0.002525252525252524,5
1848,37,1848,24,0.0024242424242424234,5
1849,37,1849,28,0.0028282828282828265,5
1850,38,1850,16,0.0016161616161616162,5
1851,38,1851,26,0.002626262626262625,5
1852,38,1852,17,0.0017171717171717172,5
1853,38,1853,25,0.002525252525252524,5
1854,38,1854,23,0.0023232323232323226,5
1855,38,1855,24,0.0024242424242424234,5
1856,38,1856,19,0.0019191919191919192,5
1857,38,1857,17,0.0017171717171717172,5
1858,38,1858,17,0.0017171717171717172,5
1859,38,1859,19,0.0019191919191919192,5
1860,38,1860,23,0.0023232323232323226,5
1861,38,1861,27,0.0027272727272727258,5
1862,38,1862,21,0.002121212121212121,5
1863,38,1863,24,0.0024242424242424234,5
1864,38,1864,21,0.002121212121212121,5
1865,38,1865,20,0.00202020202020202,5
1866,38,1866,25,0.002525252525252524,5
1867,38,1867,21,0.002121212121212121,5
1868,38,1868,27,0.0027272727272727258,5
1869,38,1869,23,0.0023232323232323226,5
1870,38,1870,14,0.0014141414141414141,5
1871,38,1871,15,0.0015151515151515152,5
1872,38,1872,25,0.002525252525252524,5
1873,38,1873,24,0.0024242424242424234,5
1874,38,1874,23,0.0023232323232323226,5
1875,38,1875,17,0.0017171717171717172,5
1876,38,1876,24,0.0024242424242424234,5
1877,38,1877,27,0.0027272727272727258,5
1878,38,1878,23,0.0023232323232323226,5
1879,38,1879,19,0.0019191919191919192,5
1880,38,1880,17,0.0017171717171717172,5
1881,38,1881,14,0.0014141414141414141,5
1882,38,1882,21,0.002121212121212121,5
1883,38,1883,15,0.0015151515151515152,5
1884,38,1884,16,0.0016161616161616162,5
1885,38,1885,13,0.0013131313131313131,5
1886,38,1886,17,0.0017171717171717172,5
1887,38,1887,22,0.002222222222222222,5
1888,38,1888,17,0.0017171717171717172,5
1889,38,1889,17,0.0017171717171717172,5
1890,38,1890,15,0.0015151515151515152,5
1891,38,1891,14,0.0014141414141414141,5
1892,38,1892,20,0.00202020202020202,5
1893,38,1893,14,0.0014141414141414141,5
1894,38,1894,29,0.0029292929292929273,5
1895,38,1895,24,0.0024242424242424234,5
1896,38,1896,25,0.002525252525252524,5
1897,38,1897,24,0.0024242424242424234,5
1898,38,1898,17,0.0017171717171717172,5
1899,38,1899,26,0.002626262626262625,5
1900,39,1900,23,0.0023232323232323226,5
1901,39,1901,24,0.0024242424242424234,5
1902,39,1902,20,0.00202020202020202,5
1903,39,1903,13,0.0013131313131313131,5
1904,39,1904,16,0.0016161616161616162,5
1905,39,1905,15,0.0015151515151515152,5
1906,39,1906,26,0.002626262626262625,5
1907,39,1907,23,0.0023232323232323226,5
1908,39,1908,13,0.0013131313131313131,5
1909,39,1909,26,0.002626262626262625,5
1910,39,1910,27,0.0027272727272727258,5
1911,39,1911,26,0.002626262626262625,5
1912,39,1912,15,0.0015151515151515152,5
1913,39,1913,21,0.002121212121212121,5
1914,39,1914,17,0.0017171717171717172,5
1915,39,1915,18,0.0018181818181818182,5
1916,39,1916,22,0.002222222222222222,5
1917,39,1917,8,0.0008080808080808081,5
1918,39,1918,17,0.0017171717171717172,5
1919,39,1919,10,0.00101010101010101,5
1920,39,1920,21,0.002121212121212121,5
1921,39,1921,26,0.002626262626262625,5
1922,39,1922,21,0.002121212121212121,5
1923,39,1923,21,0.002121212121212121,5
1924,39,1924,21,0.002121212121212121,5
1925,39,1925,21,0.002121212121212121,5
1926,39,1926,14,0.0014141414141414141,5
1927,39,1927,24,0.0024242424242424234,5
1928,39,1928,22,0.002222222222222222,5
1929,39,1929,16,0.0016161616161616162,5
1930,39,1930,15,0.0015151515151515152,5
1931,39,1931,30,0.003030303030303028,5
1932,39,1932,19,0.0019191919191919192,5
1933,39,1933,29,0.0029292929292929273,5
1934,39,1934,19,0.0019191919191919192,5
1935,39,1935,26,0.002626262626262625,5
1936,39,1936,21,0.002121212121212121,5
1937,39,1937,19,0.0019191919191919192,5
1938,39,1938,18,0.0018181818181818182,5
1939,39,1939,16,0.0016161616161616162,5
1940,39,1940,13,0.0013131313131313131,5
1941,39,1941,16,0.0016161616161616162,5
1942,39,1942,17,0.0017171717171717172,5
1943,39,1943,23,0.0023232323232323226,5
1944,39,1944,17,0.0017171717171717172,5
1945,39,1945,25,0.002525252525252524,5
1946,39,1946,28,0.0028282828282828265,5
1947,39,1947,21,0.002121212121212121,5
1948,39,1948,17,0.0017171717171717172,5
1949,39,1949,20,0.00202020202020202,5
1950,40,1950,20,0.00202020202020202,5
1951,40,1951,24,0.0024242424242424234,5
1952,40,1952,23,0.0023232323232323226,5
1953,40,1953,19,0.0019191919191919192,5
1954,40,1954,18,0.0018181818181818182,5
1955,40,1955,26,0.002626262626262625,5
1956,40,1956,14,0.0014141414141414141,5
1957,40,1957,27,0.0027272727272727258,5
1958,40,1958,15,0.0015151515151515152,5
1959,40,1959,10,0.00101010101010101,5
1960,40,1960,15,0.0015151515151515152,5
1961,40,1961,21,0.002121212121212121,5
1962,40,1962,17,0.0017171717171717172,5
1963,40,1963,19,0.0019191919191919192,5
1964,40,1964,22,0.002222222222222222,5
1965,40,1965,19,0.0019191919191919192,5
1966,40,1966,18,0.0018181818181818182,5
1967,40,1967,15,0.0015151515151515152,5
1968,40,1968,14,0.0014141414141414141,5
1969,40,1969,25,0.002525252525252524,5
1970,40,1970,17,0.0017171717171717172,5
1971,40,1971,21,0.002121212121212121,5
1972,40,1972,21,0.002121212121212121,5
1973,40,1973,19,0.0019191919191919192,5
1974,40,1974,24,0.0024242424242424234,5
1975,40,1975,19,0.0019191919191919192,5
1976,40,1976,20,0.00202020202020202,5
1977,40,1977,21,0.002121212121212121,5
1978,40,1978,18,0.0018181818181818182,5
1979,40,1979,20,0.00202020202020202,5
1980,40,1980,12,0.0012121212121212121,5
1981,40,1981,12,0.0012121212121212121,5
1982,40,1982,19,0.0019191919191919192,5
1983,40,1983,29,0.0029292929292929273,5
1984,40,1984,20,0.00202020202020202,5
1985,40,1985,17,0.0017171717171717172,5
1986,40,1986,27,0.0027272727272727258,5
1987,40,1987,15,0.0015151515151515152,5
1988,40,1988,16,0.0016161616161616162,5
1989,40,1989,14,0.0014141414141414141,5
1990,40,1990,28,0.0028282828282828265,5
1991,40,1991,23,0.0023232323232323226,5
1992,40,1992,20,0.00202020202020202,5
1993,40,1993,17,0.0017171717171717172,5
1994,40,1994,19,0.0019191919191919192,5
1995,40,1995,21,0.002121212121212121,5
1996,40,1996,26,0.002626262626262625,5
1997,40,1997,16,0.0016161616161616162,5
1998,40,1998,14,0.0014141414141414141,5
1999,40,1999,22,0.002222222222222222,5
2000,41,2000,26,0.002626262626262625,5
2001,41,2001,19,0.0019191919191919192,5
2002,41,2002,23,0.0023232323232323226,5
2003,41,2003,30,0.003030303030303028,5
2004,41,2004,17,0.0017171717171717172,5
2005,41,2005,10,0.00101010101010101,5
2006,41,2006,18,0.0018181818181818182,5
2007,41,2007,19,0.0019191919191919192,5
2008,41,2008,21,0.002121212121212121,5
2009,41,2009,19,0.0019191919191919192,5
2010,41,2010,19,0.0019191919191919192,5
2011,41,2011,15,0.0015151515151515152,5
2012,41,2012,20,0.00202020202020202,5
2013,41,2013,20,0.00202020202020202,5
2014,41,2014,22,0.002222222222222222,5
2015,41,2015,21,0.002121212121212121,5
2016,41,2016,21,0.002121212121212121,5
2017,41,2017,22,0.002222222222222222,5
2018,41,2018,25,0.002525252525252524,5
2019,41,2019,26,0.002626262626262625,5
2020,41,2020,22,0.002222222222222222,5
2021,41,2021,19,0.0019191919191919192,5
2022,41,2022,30,0.003030303030303028,5
2023,41,2023,19,0.0019191919191919192,5
2024,41,2024,23,0.0023232323232323226,5
2025,41,2025,23,0.0023232323232323226,5
2026,41,2026,17,0.0017171717171717172,5
2027,41,2027,22,0.002222222222222222,5
2028,41,2028,20,0.00202020202020202,5
2029,41,2029,19,0.0019191919191919192,5
2030,41,2030,22,0.002222222222222222,5
2031,41,2031,14,0.0014141414141414141,5
2032,41,2032,15,0.0015151515151515152,5
2033,41,2033,17,0.0017171717171717172,5
2034,41,2034,24,0.0024242424242424234,5
2035,41,2035,26,0.002626262626262625,5
2036,41,2036,18,0.0018181818181818182,5
2037,41,2037,18,0.0018181818181818182,5
2038,41,2038,19,0.0019191919191919192,5
2039,41,2039,23,0.0023232323232323226,5
2040,41,2040,15,0.0015151515151515152,5
2041,41,2041,23,0.0023232323232323226,5
2042,41,2042,23,0.0023232323232323226,5
2043,41,2043,21,0.002121212121212121,5
2044,41,2044,22,0.002222222222222222,5
2045,41,2045,16,0.0016161616161616162,5
2046,41,2046,17,0.0017171717171717172,5
2047,41,2047,20,0.00202020202020202,5
2048,41,2048,23,0.0023232323232323226,5
2049,41,2049,21,0.002121212121212121,5
2050,42,2050,23,0.0023232323232323226,5
2051,42,2051,20,0.00202020202020202,5
2052,42,2052,21,0.002121212121212121,5
2053,42,2053,20,0.00202020202020202,5
2054,42,2054,23,0.0023232323232323226,5
2055,42,2055,15,0.0015151515151515152,5
2056,42,2056,19,0.0019191919191919192,5
2057,42,2057,19,0.0019191919191919192,5
2058,42,2058,18,0.0018181818181818182,5
2059,42,2059,22,0.002222222222222222,5
2060,42,2060,24,0.0024242424242424234,5
2061,42,2061,21,0.002121212121212121,5
2062,42,2062,18,0.0018181818181818182,5
2063,42,2063,23,0.0023232323232323226,5
2064,42,2064,11,0.0011111111111111111,5
2065,42,2065,15,0.0015151515151515152,5
2066,42,2066,18,0.0018181818181818182,5
2067,42,2067,21,0.002121212121212121,5
2068,42,2068,23,0.0023232323232323226,5
2069,42,2069,19,0.0019191919191919192,5
2070,42,2070,21,0.002121212121212121,5
2071,42,2071,21,0.002121212121212121,5
2072,42,2072,30,0.003030303030303028,5
2073,42,2073,20,0.00202020202020202,5
2074,42,2074,25,0.002525252525252524,5
2075,42,2075,25,0.002525252525252524,5
2076,42,2076,17,0.0017171717171717172,5
2077,42,2077,21,0.002121212121212121,5
2078,42,2078,17,0.0017171717171717172,5
2079,42,2079,17,0.0017171717171717172,5
2080,42,2080,23,0.0023232323232323226,5
2081,42,2081,19,0.0019191919191919192,5
2082,42,2082,21,0.002121212121212121,5
2083,42,2083,23,0.0023232323232323226,5
2084,42,2084,22,0.002222222222222222,5
2085,42,2085,11,0.0011111111111111111,5
2086,42,2086,21,0.002121212121212121,5
2087,42,2087,21,0.002121212121212121,5
2088,42,2088,17,0.0017171717171717172,5
2089,42,2089,24,0.0024242424242424234,5
2090,42,2090,23,0.0023232323232323226,5
2091,42,2091,22,0.002222222222222222,5
2092,42,2092,19,0.0019191919191919192,5
2093,42,2093,21,0.002121212121212121,5
2094,42,2094,23,0.0023232323232323226,5
2095,42,2095,19,0.0019191919191919192,5
2096,42,2096,23,0.0023232323232323226,5
2097,42,2097,18,0.0018181818181818182,5
2098,42,2098,24,0.0024242424242424234,5
2099,42,2099,17,0.0017171717171717172,5
2100,43,2100,16,0.0016161616161616162,5
2101,43,2101,7,0.0007070707070707071,5
2102,43,2102,19,0.0019191919191919192,5
2103,43,2103,21,0.002121212121212121,5
2104,43,2104,14,0.0014141414141414141,5
2105,43,2105,24,0.0024242424242424234,5
2106,43,2106,24,0.0024242424242424234,5
2107,43,2107,18,0.0018181818181818182,5
2108,43,2108,22,0.002222222222222222,5
2109,43,2109,19,0.0019191919191919192,5
2110,43,2110,22,0.002222222222222222,5
2111,43,2111,19,0.0019191919191919192,5
2112,43,2112,26,0.002626262626262625,5
2113,43,2113,18,0.0018181818181818182,5
2114,43,2114,17,0.0017171717171717172,5
2115,43,2115,17,0.0017171717171717172,5
2116,43,2116,21,0.002121212121212121,5
2117,43,2117,25,0.002525252525252524,5
2118,43,2118,18,0.0018181818181818182,5
2119,43,2119,17,0.0017171717171717172,5
2120,43,2120,15,0.0015151515151515152,5
2121,43,2121,21,0.002121212121212121,5
2122,43,2122,22,0.002222222222222222,5
2123,43,2123,26,0.002626262626262625,5
2124,43,2124,29,0.0029292929292929273,5
2125,43,2125,18,0.0018181818181818182,5
2126,43,2126,28,0.0028282828282828265,5
2127,43,2127,24,0.0024242424242424234,5
2128,43,2128,20,0.00202020202020202,5
2129,43,2129,16,0.0016161616161616162,5
2130,43,2130,21,0.002121212121212121,5
2131,43,2131,22,0.002222222222222222,5
2132,43,2132,18,0.0018181818181818182,5
2133,43,2133,20,0.00202020202020202,5
2134,43,2134,17,0.0017171717171717172,5
2135,43,2135,20,0.00202020202020202,5
2136,43,2136,15,0.0015151515151515152,5
2137,43,2137,24,0.0024242424242424234,5
2138,43,2138,26,0.002626262626262625,5
2139,43,2139,22,0.002222222222222222,5
2140,43,2140,22,0.002222222222222222,5
2141,43,2141,18,0.0018181818181818182,5
2142,43,2142,18,0.0018181818181818182,5
2143,43,2143,19,0.0019191919191919192,5
2144,43,2144,15,0.0015151515151515152,5
2145,43,2145,16,0.0016161616161616162,5
2146,43,2146,17,0.0017171717171717172,5
2147,43,2147,26,0.002626262626262625,5
2148,43,2148,25,0.002525252525252524,5
2149,43,2149,14,0.0014141414141414141,5
2150,44,2150,18,0.0018181818181818182,5
2151,44,2151,19,0.0019191919191919192,5
2152,44,2152,18,0.0018181818181818182,5
2153,44,2153,18,0.0018181818181818182,5
2154,44,2154,22,0.002222222222222222,5
2155,44,2155,23,0.0023232323232323226,5
2156,44,2156,26,0.002626262626262625,5
2157,44,2157,22,0.002222222222222222,5
2158,44,2158,14,0.0014141414141414141,5
2159,44,2159,16,0.0016161616161616162,5
2160,44,2160,16,0.0016161616161616162,5
2161,44,2161,21,0.002121212121212121,5
2162,44,2162,20,0.00202020202020202,5
2163,44,2163,18,0.0018181818181818182,5
2164,44,2164,27,0.0027272727272727258,5
2165,44,2165,18,0.0018181818181818182,5
2166,44,2166,20,0.00202020202020202,5
2167,44,2167,17,0.0017171717171717172,5
2168,44,2168,21,0.002121212121212121,5
2169,44,2169,20,0.00202020202020202,5
2170,44,2170,26,0.002626262626262625,5
2171,44,2171,16,0.0016161616161616162,5
2172,44,2172,23,0.0023232323232323226,5
2173,44,2173,18,0.0018181818181818182,5
2174,44,2174,24,0.0024242424242424234,5
2175,44,2175,22,0.002222222222222222,5
2176,44,2176,18,0.0018181818181818182,5
2177,44,2177,19,0.0019191919191919192,5
2178,44,2178,27,0.0027272727272727258,5
2179,44,2179,20,0.00202020202020202,5
2180,44,2180,22,0.002222222222222222,5
2181,44,2181,16,0.0016161616161616162,5
2182,44,2182,19,0.0019191919191919192,5
2183,44,2183,18,0.0018181818181818182,5
2184,44,2184,18,0.0018181818181818182,5
2185,44,2185,18,0.0018181818181818182,5
2186,44,2186,21,0.002121212121212121,5
2187,44,2187,16,0.0016161616161616162,5
2188,44,2188,22,0.002222222222222222,5
2189,44,2189,16,0.0016161616161616162,5
2190,44,2190,18,0.0018181818181818182,5
2191,44,2191,16,0.0016161616161616162,5
2192,44,2192,20,0.00202020202020202,5
2193,44,2193,18,0.0018181818181818182,5
2194,44,2194,22,0.002222222222222222,5
2195,44,2195,29,0.0029292929292929273,5
2196,44,2196,19,0.0019191919191919192,5
2197,44,2197,23,0.0023232323232323226,5
2198,44,2198,16,0.0016161616161616162,5
2199,44,2199,23,0.0023232323232323226,5
2200,45,2200,19,0.0019191919191919192,5
2201,45,2201,20,0.00202020202020202,5
2202,45,2202,20,0.00202020202020202,5
2203,45,2203,28,0.0028282828282828265,5
2204,45,2204,22,0.002222222222222222,5
2205,45,2205,16,0.0016161616161616162,5
2206,45,2206,20,0.00202020202020202,5
2207,45,2207,17,0.0017171717171717172,5
2208,45,2208,24,0.0024242424242424234,5
2209,45,2209,19,0.0019191919191919192,5
2210,45,2210,19,0.0019191919191919192,5
2211,45,2211,21,0.002121212121212121,5
2212,45,2212,16,0.0016161616161616162,5
2213,45,2213,14,0.0014141414141414141,5
2214,45,2214,13,0.0013131313131313131,5
2215,45,2215,19,0.0019191919191919192,5
2216,45,2216,17,0.0017171717171717172,5
2217,45,2217,18,0.0018181818181818182,5
2218,45,2218,15,0.0015151515151515152,5
2219,45,2219,20,0.00202020202020202,5
2220,45,2220,31,0.003131313131313129,5
2221,45,2221,25,0.002525252525252524,5
2222,45,2222,24,0.0024242424242424234,5
2223,45,2223,26,0.002626262626262625,5
2224,45,2224,16,0.0016161616161616162,5
2225,45,2225,22,0.002222222222222222,5
2226,45,2226,18,0.0018181818181818182,5
2227,45,2227,17,0.0017171717171717172,5
2228,45,2228,18,0.0018181818181818182,5
2229,45,2229,18,0.0018181818181818182,5
2230,45,2230,21,0.002121212121212121,5
2231,45,2231,20,0.00202020202020202,5
2232,45,2232,22,0.002222222222222222,5
2233,45,2233,21,0.002121212121212121,5
2234,45,2234,22,0.002222222222222222,5
2235,45,2235,19,0.0019191919191919192,5
2236,45,2236,29,0.0029292929292929273,5
2237,45,2237,18,0.0018181818181818182,5
2238,45,2238,29,0.0029292929292929273,5
2239,45,2239,22,0.002222222222222222,5
2240,45,2240,15,0.0015151515151515152,5
2241,45,2241,23,0.0023232323232323226,5
2242,45,2242,19,0.0019191919191919192,5
2243,45,2243,25,0.002525252525252524,5
2244,45,2244,18,0.0018181818181818182,5
2245,45,2245,23,0.0023232323232323226,5
2246,45,2246,40,0.004040404040404036,5
2247,45,2247,20,0.00202020202020202,5
2248,45,2248,21,0.002121212121212121,5
2249,45,2249,24,0.0024242424242424234,5
2250,46,2250,19,0.0019191919191919192,5
2251,46,2251,24,0.0024242424242424234,5
2252,46,2252,28,0.0028282828282828265,5
2253,46,2253,19,0.0019191919191919192,5
2254,46,2254,20,0.00202020202020202,5
2255,46,2255,17,0.0017171717171717172,5
2256,46,2256,28,0.0028282828282828265,5
2257,46,2257,19,0.0019191919191919192,5
2258,46,2258,17,0.0017171717171717172,5
2259,46,2259,19,0.0019191919191919192,5
2260,46,2260,19,0.0019191919191919192,5
2261,46,2261,27,0.0027272727272727258,5
2262,46,2262,11,0.0011111111111111111,5
2263,46,2263,20,0.00202020202020202,5
2264,46,2264,23,0.0023232323232323226,5
2265,46,2265,22,0.002222222222222222,5
2266,46,2266,17,0.0017171717171717172,5
2267,46,2267,26,0.002626262626262625,5
2268,46,2268,25,0.002525252525252524,5
2269,46,2269,27,0.0027272727272727258,5
2270,46,2270,15,0.0015151515151515152,5
2271,46,2271,20,0.00202020202020202,5
2272,46,2272,20,0.00202020202020202,5
2273,46,2273,15,0.0015151515151515152,5
2274,46,2274,23,0.0023232323232323226,5
2275,46,2275,14,0.0014141414141414141,5
2276,46,2276,15,0.0015151515151515152,5
2277,46,2277,12,0.0012121212121212121,5
2278,46,2278,25,0.002525252525252524,5
2279,46,2279,26,0.002626262626262625,5
2280,46,2280,18,0.0018181818181818182,5
2281,46,2281,24,0.0024242424242424234,5
2282,46,2282,19,0.0019191919191919192,5
2283,46,2283,18,0.0018181818181818182,5
2284,46,2284,18,0.0018181818181818182,5
2285,46,2285,26,0.002626262626262625,5
2286,46,2286,22,0.002222222222222222,5
2287,46,2287,22,0.002222222222222222,5
2288,46,2288,23,0.0023232323232323226,5
2289,46,2289,23,0.0023232323232323226,5
2290,46,2290,20,0.00202020202020202,5
2291,46,2291,18,0.0018181818181818182,5
2292,46,2292,24,0.0024242424242424234,5
2293,46,2293,21,0.002121212121212121,5
2294,46,2294,21,0.002121212121212121,5
2295,46,2295,23,0.0023232323232323226,5
2296,46,2296,25,0.002525252525252524,5
2297,46,2297,22,0.002222222222222222,5
2298,46,2298,22,0.002222222222222222,5
2299,46,2299,15,0.0015151515151515152,5
2300,47,2300,23,0.0023232323232323226,5
2301,47,2301,17,0.0017171717171717172,5
2302,47,2302,22,0.002222222222222222,5
2303,47,2303,20,0.00202020202020202,5
2304,47,2304,20,0.00202020202020202,5
2305,47,2305,16,0.0016161616161616162,5
2306,47,2306,27,0.0027272727272727258,5
2307,47,2307,21,0.002121212121212121,5
2308,47,2308,20,0.00202020202020202,5
2309,47,2309,15,0.0015151515151515152,5
2310,47,2310,22,0.002222222222222222,5
2311,47,2311,23,0.0023232323232323226,5
2312,47,2312,14,0.0014141414141414141,5
2313,47,2313,21,0.002121212121212121,5
2314,47,2314,26,0.002626262626262625,5
2315,47,2315,22,0.002222222222222222,5
2316,47,2316,24,0.0024242424242424234,5
2317,47,2317,26,0.002626262626262625,5
2318,47,2318,23,0.0023232323232323226,5
2319,47,2319,20,0.00202020202020202,5
2320,47,2320,17,0.0017171717171717172,5
2321,47,2321,18,0.0018181818181818182,5
2322,47,2322,20,0.00202020202020202,5
2323,47,2323,20,0.00202020202020202,5
2324,47,2324,15,0.0015151515151515152,5
2325,47,2325,24,0.0024242424242424234,5
2326,47,2326,19,0.0019191919191919192,5
2327,47,2327,24,0.0024242424242424234,5
2328,47,2328,21,0.002121212121212121,5
2329,47,2329,28,0.0028282828282828265,5
2330,47,2330,19,0.0019191919191919192,5
2331,47,2331,19,0.0019191919191919192,5
2332,47,2332,18,0.0018181818181818182,5
2333,47,2333,29,0.0029292929292929273,5
2334,47,2334,22,0.002222222222222222,5
2335,47,2335,20,0.00202020202020202,5
2336,47,2336,19,0.0019191919191919192,5
2337,47,2337,19,0.0019191919191919192,5
2338,47,2338,24,0.0024242424242424234,5
2339,47,2339,22,0.002222222222222222,5
2340,47,2340,22,0.002222222222222222,5
2341,47,2341,19,0.0019191919191919192,5
2342,47,2342,9,0.0009090909090909091,5
2343,47,2343,22,0.002222222222222222,5
2344,47,2344,14,0.0014141414141414141,5
2345,47,2345,22,0.002222222222222222,5
2346,47,2346,18,0.0018181818181818182,5
2347,47,2347,22,0.002222222222222222,5
2348,47,2348,24,0.0024242424242424234,5
2349,47,2349,21,0.002121212121212121,5
2350,48,2350,18,0.0018181818181818182,5
2351,48,2351,24,0.0024242424242424234,5
2352,48,2352,30,0.003030303030303028,5
2353,48,2353,23,0.0023232323232323226,5
2354,48,2354,24,0.0024242424242424234,5
2355,48,2355,17,0.0017171717171717172,5
2356,48,2356,25,0.002525252525252524,5
2357,48,2357,19,0.0019191919191919192,5
2358,48,2358,26,0.002626262626262625,5
2359,48,2359,20,0.00202020202020202,5
2360,48,2360,19,0.0019191919191919192,5
2361,48,2361,17,0.0017171717171717172,5
2362,48,2362,23,0.0023232323232323226,5
2363,48,2363,18,0.0018181818181818182,5
2364,48,2364,20,0.00202020202020202,5
2365,48,2365,15,0.0015151515151515152,5
2366,48,2366,23,0.0023232323232323226,5
2367,48,2367,17,0.0017171717171717172,5
2368,48,2368,16,0.0016161616161616162,5
2369,48,2369,19,0.0019191919191919192,5
2370,48,2370,17,0.0017171717171717172,5
2371,48,2371,19,0.0019191919191919192,5
2372,48,2372,25,0.002525252525252524,5
2373,48,2373,19,0.0019191919191919192,5
2374,48,2374,20,0.00202020202020202,5
2375,48,2375,19,0.0019191919191919192,5
2376,48,2376,31,0.003131313131313129,5
2377,48,2377,18,0.0018181818181818182,5
2378,48,2378,18,0.0018181818181818182,5
2379,48,2379,19,0.0019191919191919192,5
2380,48,2380,19,0.0019191919191919192,5
2381,48,2381,23,0.0023232323232323226,5
2382,48,2382,24,0.0024242424242424234,5
2383,48,2383,18,0.0018181818181818182,5
2384,48,2384,18,0.0018181818181818182,5
2385,48,2385,17,0.0017171717171717172,5
2386,48,2386,25,0.002525252525252524,5
2387,48,2387,19,0.0019191919191919192,5
2388,48,2388,18,0.0018181818181818182,5
2389,48,2389,20,0.00202020202020202,5
2390,48,2390,20,0.00202020202020202,5
2391,48,2391,15,0.0015151515151515152,5
2392,48,2392,20,0.00202020202020202,5
2393,48,2393,22,0.002222222222222222,5
2394,48,2394,22,0.002222222222222222,5
2395,48,2395,21,0.002121212121212121,5
2396,48,2396,10,0.00101010101010101,5
2397,48,2397,20,0.00202020202020202,5
2398,48,2398,18,0.0018181818181818182,5
2399,48,2399,13,0.0013131313131313131,5
2400,49,2400,20,0.00202020202020202,5
2401,49,2401,21,0.002121212121212121,5
2402,49,2402,17,0.0017171717171717172,5
2403,49,2403,25,0.002525252525252524,5
2404,49,2404,25,0.002525252525252524,5
2405,49,2405,26,0.002626262626262625,5
2406,49,2406,23,0.0023232323232323226,5
2407,49,2407,28,0.0028282828282828265,5
2408,49,2408,18,0.0018181818181818182,5
2409,49,2409,23,0.0023232323232323226,5
2410,49,2410,16,0.0016161616161616162,5
2411,49,2411,22,0.002222222222222222,5
2412,49,2412,25,0.002525252525252524,5
2413,49,2413,22,0.002222222222222222,5
2414,49,2414,25,0.002525252525252524,5
2415,49,2415,23,0.0023232323232323226,5
2416,49,2416,23,0.0023232323232323226,5
2417,49,2417,18,0.0018181818181818182,5
2418,49,2418,19,0.0019191919191919192,5
2419,49,2419,18,0.0018181818181818182,5
2420,49,2420,18,0.0018181818181818182,5
2421,49,2421,28,0.0028282828282828265,5
2422,49,2422,21,0.002121212121212121,5
2423,49,2423,16,0.0016161616161616162,5
2424,49,2424,23,0.0023232323232323226,5
2425,49,2425,21,0.002121212121212121,5
2426,49,2426,22,0.002222222222222222,5
2427,49,2427,20,0.00202020202020202,5
2428,49,2428,24,0.0024242424242424234,5
2429,49,2429,16,0.0016161616161616162,5
2430,49,2430,19,0.0019191919191919192,5
2431,49,2431,26,0.002626262626262625,5
2432,49,2432,15,0.0015151515151515152,5
2433,49,2433,20,0.00202020202020202,5
2434,49,2434,16,0.0016161616161616162,5
2435,49,2435,23,0.0023232323232323226,5
2436,49,2436,21,0.002121212121212121,5
2437,49,2437,21,0.002121212121212121,5
2438,49,2438,20,0.00202020202020202,5
2439,49,2439,23,0.0023232323232323226,5
2440,49,2440,19,0.0019191919191919192,5
2441,49,2441,20,0.00202020202020202,5
2442,49,2442,23,0.0023232323232323226,5
2443,49,2443,19,0.0019191919191919192,5
2444,49,2444,23,0.0023232323232323226,5
2445,49,2445,21,0.002121212121212121,5
2446,49,2446,21,0.002121212121212121,5
2447,49,2447,26,0.002626262626262625,5
2448,49,2448,18,0.0018181818181818182,5
2449,49,2449,18,0.0018181818181818182,5
2450,50,2450,23,0.0023232323232323226,5
2451,50,2451,23,0.0023232323232323226,5
2452,50,2452,21,0.002121212121212121,5
2453,50,2453,19,0.0019191919191919192,5
2454,50,2454,20,0.00202020202020202,5
2455,50,2455,18,0.0018181818181818182,5
2456,50,2456,15,0.0015151515151515152,5
2457,50,2457,19,0.0019191919191919192,5
2458,50,2458,21,0.002121212121212121,5
2459,50,2459,21,0.002121212121212121,5
2460,50,2460,26,0.002626262626262625,5
2461,50,2461,20,0.00202020202020202,5
2462,50,2462,23,0.0023232323232323226,5
2463,50,2463,16,0.0016161616161616162,5
2464,50,2464,19,0.0019191919191919192,5
2465,50,2465,23,0.0023232323232323226,5
2466,50,2466,19,0.0019191919191919192,5
2467,50,2467,12,0.0012121212121212121,5
2468,50,2468,18,0.0018181818181818182,5
2469,50,2469,16,0.0016161616161616162,5
2470,50,2470,25,0.002525252525252524,5
2471,50,2471,21,0.002121212121212121,5
2472,50,2472,20,0.00202020202020202,5
2473,50,2473,21,0.002121212121212121,5
2474,50,2474,21,0.002121212121212121,5
2475,50,2475,24,0.0024242424242424234,5
2476,50,2476,24,0.0024242424242424234,5
2477,50,2477,27,0.0027272727272727258,5
2478,50,2478,15,0.0015151515151515152,5
2479,50,2479,24,0.0024242424242424234,5
2480,50,2480,9,0.0009090909090909091,5
2481,50,2481,16,0.0016161616161616162,5
2482,50,2482,19,0.0019191919191919192,5
2483,50,2483,21,0.002121212121212121,5
2484,50,2484,16,0.0016161616161616162,5
2485,50,2485,28,0.0028282828282828265,5
2486,50,2486,21,0.002121212121212121,5
2487,50,2487,25,0.002525252525252524,5
2488,50,2488,20,0.00202020202020202,5
2489,50,2489,22,0.002222222222222222,5
2490,50,2490,19,0.0019191919191919192,5
2491,50,2491,18,0.0018181818181818182,5
2492,50,2492,21,0.002121212121212121,5
2493,50,2493,14,0.0014141414141414141,5
2494,50,2494,28,0.0028282828282828265,5
2495,50,2495,22,0.002222222222222222,5
2496,50,2496,19,0.0019191919191919192,5
2497,50,2497,19,0.0019191919191919192,5
2498,50,2498,20,0.00202020202020202,5
2499,50,2499,20,0.00202020202020202,5
